ID,AssetManufacture,AssetModel,AssetNumber,AssetParentNumber,AssetAccountingNumber,AssetSerialNumber,AssetPartNumber,AssetTypeName,PriorityName,AssetHostName,AssetOS,AssetCPU,AssetRam,AssetHarddisk,AssetIPAddress,AssetMAC,AssetDetail,Remark,AssetLocation,Status,BuyingName,AssetPO,AssetRegisterDate,AssetBuyDate,AssetPriceEx,AssetVAT,AssetVATValue,AssetPrice,AssetAccumulatedDepreciation,AssetSalvageValue,curentDepreciate,B/L Acumulate Depreciate,B/L Asset Value,AssetWriteOffDate,MAMonth,StartMA,AssetEndWarrantyDate,WarrantyStatus,Contract,AssetQuantity,BranchGroup,BranchCode,Branch,ZoneCode,Zone,SupplierCode,Supplier,SupplierCode_2,Supplier_2,Owner,Coset Center Description,CostType,Company,Department,TotalExpense,LastSync,Update By,Update Date,Update Remark,TotalTask,
2456,DELIGHT,DLEM-209L2ATRT,400B01-EE-EML-1.FL-0001,,,22032203007,,Emergency Light,,,,,,,,,Emergency Light FL1 No.1,,ห้องAHU ใน แผนก ออร์โธปิดิกส์ ฝั่งติดไปรษณีย์ - 1B,In Use,,,23-06-24,,0,0,0,0,0,1,0,0,0,,,,,undefine,,1,โรงพยาบาลจุฬาภรณ์400เตียง,400B01-F1,โรงพยาบาล 400B - ชั้น 1,,,,,,,,,,CRA,,,,Nattapon,23-06-24,,0,-
2457,DELIGHT,DLEM-209L2ATRT,400B01-EE-EML-1.FL-0002,,,21032201,,Emergency Light,,,,,,,,,Emergency Light FL1 No.2,,ห้องน้ำใน แผนก ออร์โธปิดิกส์ ฝั่งติดไปรษณีย์ - 1B,In Use,,,23-06-24,,0,0,0,0,0,1,0,0,0,,,,,undefine,,1,โรงพยาบาลจุฬาภรณ์400เตียง,400B01-F1,โรงพยาบาล 400B - ชั้น 1,,,,,,,,,,CRA,,,,Nattapon,23-06-24,,0,-
2458,DELIGHT,DLEM-209L2ATRT,400B01-EE-EML-1.FL-0003,,,21032201,,Emergency Light,,,,,,,,,Emergency Light FL1 No.3,,ห้องเก็บของ ใน แผนก ออร์โธปิดิกส์  - 1B,In Use,,,23-06-24,,0,0,0,0,0,1,0,0,0,,,,,undefine,,1,โรงพยาบาลจุฬาภรณ์400เตียง,400B01-F1,โรงพยาบาล 400B - ชั้น 1,,,,,,,,,,CRA,,,,Nattapon,23-06-24,,0,-
2459,DELIGHT,DLEM-209L2ATRT,400B01-EE-EML-1.FL-0004,,,23032203088,,Emergency Light,,,,,,,,,Emergency Light FL1 No.4,,ห้องAHU ด้านหน้า แผนก ออร์โธปิดิกส์  - 1B,In Use,,,23-06-24,,0,0,0,0,0,1,0,0,0,,,,,undefine,,1,โรงพยาบาลจุฬาภรณ์400เตียง,400B01-F1,โรงพยาบาล 400B - ชั้น 1,,,,,,,,,,CRA,,,,Nattapon,23-06-24,,0,-
2460,DELIGHT,DLEM-209L2ATRT,400B01-EE-EML-1.FL-0005,,,22032203056,,Emergency Light,,,,,,,,,Emergency Light FL1 No.5,,ห้องน้ำหญิง ติดแผนก ออร์โธปิดิกส์  - 1B,In Use,,,23-06-24,,0,0,0,0,0,1,0,0,0,,,,,undefine,,1,โรงพยาบาลจุฬาภรณ์400เตียง,400B01-F1,โรงพยาบาล 400B - ชั้น 1,,,,,,,,,,CRA,,,,Nattapon,23-06-24,,0,-
2461,DELIGHT,DLEM-209L2ATRT,400B01-EE-EML-1.FL-0006,,,21032201,,Emergency Light,,,,,,,,,Emergency Light FL1 No.6,,ห้องน้ำคนพิการ ติดแผนก ออร์โธปิดิกส์  - 1B,In Use,,,23-06-24,,0,0,0,0,0,1,0,0,0,,,,,undefine,,1,โรงพยาบาลจุฬาภรณ์400เตียง,400B01-F1,โรงพยาบาล 400B - ชั้น 1,,,,,,,,,,CRA,,,,Nattapon,23-06-24,,0,-
2462,DELIGHT,DLEM-209L2ATRT,400B01-EE-EML-1.FL-0007,,,21032201,,Emergency Light,,,,,,,,,Emergency Light FL1 No.7,,ห้องน้ำชาย ติดแผนก ออร์โธปิดิกส์  - 1B,In Use,,,23-06-24,,0,0,0,0,0,1,0,0,0,,,,,undefine,,1,โรงพยาบาลจุฬาภรณ์400เตียง,400B01-F1,โรงพยาบาล 400B - ชั้น 1,,,,,,,,,,CRA,,,,Nattapon,23-06-24,,0,-
2463,DELIGHT,DLEM-209L2ATRT,400B01-EE-EML-1.FL-0008,,,22032203097,,Emergency Light,,,,,,,,,Emergency Light FL1 No.8,,ห้องไฟฟ้า ZONE B - 1B,In Use,,,23-06-24,,0,0,0,0,0,1,0,0,0,,,,,undefine,,1,โรงพยาบาลจุฬาภรณ์400เตียง,400B01-F1,โรงพยาบาล 400B - ชั้น 1,,,,,,,,,,CRA,,,,Nattapon,23-06-24,,0,-
2464,DELIGHT,DLEM-209L2ATRT,400B01-EE-EML-1.FL-0009,,,22032203095,,Emergency Light,,,,,,,,,Emergency Light FL1 No.9,,ห้องน้ำหญิง ติดแผนก เบาหวาน  - 1B,In Use,,,23-06-24,,0,0,0,0,0,1,0,0,0,,,,,undefine,,1,โรงพยาบาลจุฬาภรณ์400เตียง,400B01-F1,โรงพยาบาล 400B - ชั้น 1,,,,,,,,,,CRA,,,,Nattapon,23-06-24,,0,-
2465,DELIGHT,DLEM-209L2ATRT,400B01-EE-EML-1.FL-0010,,,22032203007,,Emergency Light,,,,,,,,,Emergency Light FL1 No.10,,ห้องน้ำคนพิการ ติดแผนก เบาหวาน  - 1B,In Use,,,23-06-24,,0,0,0,0,0,1,0,0,0,,,,,undefine,,1,โรงพยาบาลจุฬาภรณ์400เตียง,400B01-F1,โรงพยาบาล 400B - ชั้น 1,,,,,,,,,,CRA,,,,Nattapon,23-06-24,,0,-
2466,DELIGHT,DLEM-209L2ATRT,400B01-EE-EML-1.FL-0011,,,21032201,,Emergency Light,,,,,,,,,Emergency Light FL1 No.11,,ห้องน้ำชาย ติดแผนก เบาหวาน  - 1B,In Use,,,23-06-24,,0,0,0,0,0,1,0,0,0,,,,,undefine,,1,โรงพยาบาลจุฬาภรณ์400เตียง,400B01-F1,โรงพยาบาล 400B - ชั้น 1,,,,,,,,,,CRA,,,,Nattapon,23-06-24,,0,-
2467,DELIGHT,DLEM-209L2ATRT,400B01-EE-EML-1.FL-0012,,,21032201,,Emergency Light,,,,,,,,,Emergency Light FL1 No.12,,ห้องสื่อสาร - 1B,In Use,,,23-06-24,,0,0,0,0,0,1,0,0,0,,,,,undefine,,1,โรงพยาบาลจุฬาภรณ์400เตียง,400B01-F1,โรงพยาบาล 400B - ชั้น 1,,,,,,,,,,CRA,,,,Nattapon,23-06-24,,0,-
2468,DELIGHT,DLEM-209L2ATRT,400B01-EE-EML-1.FL-0013,,,21032201,,Emergency Light,,,,,,,,,Emergency Light FL1 No.13,,ห้องน้ำสำหรับผู้ป่วย แผนก เบาหวาน  - 1B,In Use,,,23-06-24,,0,0,0,0,0,1,0,0,0,,,,,undefine,,1,โรงพยาบาลจุฬาภรณ์400เตียง,400B01-F1,โรงพยาบาล 400B - ชั้น 1,,,,,,,,,,CRA,,,,Nattapon,23-06-24,,0,-
2469,DELIGHT,DLEM-209L2ATRT,400B01-EE-EML-1.FL-0014,,,21032201,,Emergency Light,,,,,,,,,Emergency Light FL1 No.14,,ห้องพักแพทย์ แผนก เบาหวาน  - 1B,In Use,,,23-06-24,,0,0,0,0,0,1,0,0,0,,,,,undefine,,1,โรงพยาบาลจุฬาภรณ์400เตียง,400B01-F1,โรงพยาบาล 400B - ชั้น 1,,,,,,,,,,CRA,,,,Nattapon,23-06-24,,0,-
2470,DELIGHT,DLEM-209L2ATRT,400B01-EE-EML-1.FL-0015,,,22032203066,,Emergency Light,,,,,,,,,Emergency Light FL1 No.15,,ห้องที่ 3 แผนก เบาหวาน  - 1B,In Use,,,23-06-24,,0,0,0,0,0,1,0,0,0,,,,,undefine,,1,โรงพยาบาลจุฬาภรณ์400เตียง,400B01-F1,โรงพยาบาล 400B - ชั้น 1,,,,,,,,,,CRA,,,,Nattapon,23-06-24,,0,-
2471,DELIGHT,DLEM-209L2ATRT,400B01-EE-EML-1.FL-0016,,,22032203061,,Emergency Light,,,,,,,,,Emergency Light FL1 No.16,,ห้อง pantry  แผนก เบาหวาน  - 1B,In Use,,,23-06-24,,0,0,0,0,0,1,0,0,0,,,,,undefine,,1,โรงพยาบาลจุฬาภรณ์400เตียง,400B01-F1,โรงพยาบาล 400B - ชั้น 1,,,,,,,,,,CRA,,,,Nattapon,23-06-24,,0,-
2472,DELIGHT,DLEM-209L2ATRT,400B01-EE-EML-1.FL-0017,,,22032203071,,Emergency Light,,,,,,,,,Emergency Light FL1 No.17,,ห้องที่ 2 แผนก เบาหวาน  - 1B,In Use,,,23-06-24,,0,0,0,0,0,1,0,0,0,,,,,undefine,,1,โรงพยาบาลจุฬาภรณ์400เตียง,400B01-F1,โรงพยาบาล 400B - ชั้น 1,,,,,,,,,,CRA,,,,Nattapon,23-06-24,,0,-
2473,DELIGHT,DLEM-209L2ATRT,400B01-EE-EML-1.FL-0018,,,22032203060,,Emergency Light,,,,,,,,,Emergency Light FL1 No.18,,ห้องที่ 1 แผนก เบาหวาน  - 1B,In Use,,,23-06-24,,0,0,0,0,0,1,0,0,0,,,,,undefine,,1,โรงพยาบาลจุฬาภรณ์400เตียง,400B01-F1,โรงพยาบาล 400B - ชั้น 1,,,,,,,,,,CRA,,,,Nattapon,23-06-24,,0,-
2474,DELIGHT,DLEM-209L2ATRT,400B01-EE-EML-1.FL-0019,,,22032203090,,Emergency Light,,,,,,,,,Emergency Light FL1 No.19,,ห้องน้ำชาย-หญิง  แผนก ภาพวินิจฉัย ตัวที่ 3 - 1B,In Use,,,23-06-24,,0,0,0,0,0,1,0,0,0,,,,,undefine,,1,โรงพยาบาลจุฬาภรณ์400เตียง,400B01-F1,โรงพยาบาล 400B - ชั้น 1,,,,,,,,,,CRA,,,,Nattapon,23-06-24,,0,-
2475,DELIGHT,DLEM-209L2ATRT,400B01-EE-EML-1.FL-0020,,,22032203038,,Emergency Light,,,,,,,,,Emergency Light FL1 No.20,,ห้องน้ำชาย-หญิง  แผนก ภาพวินิจฉัย ตัวที่ 2 - 1B,In Use,,,23-06-24,,0,0,0,0,0,1,0,0,0,,,,,undefine,,1,โรงพยาบาลจุฬาภรณ์400เตียง,400B01-F1,โรงพยาบาล 400B - ชั้น 1,,,,,,,,,,CRA,,,,Nattapon,23-06-24,,0,-
2476,DELIGHT,DLEM-209L2ATRT,400B01-EE-EML-1.FL-0021,,,22032203032,,Emergency Light,,,,,,,,,Emergency Light FL1 No.21,,ห้องน้ำชาย-หญิง  แผนก ภาพวินิจฉัย ตัวที่ 1 - 1B,In Use,,,23-06-24,,0,0,0,0,0,1,0,0,0,,,,,undefine,,1,โรงพยาบาลจุฬาภรณ์400เตียง,400B01-F1,โรงพยาบาล 400B - ชั้น 1,,,,,,,,,,CRA,,,,Nattapon,23-06-24,,0,-
2477,DELIGHT,DLEM-209L2ATRT,400B01-EE-EML-1.FL-0022,,,22032203074,,Emergency Light,,,,,,,,,Emergency Light FL1 No.22,,ห้อง AHU แผนก ภาพวินิจฉัย - 1B,In Use,,,23-06-24,,0,0,0,0,0,1,0,0,0,,,,,undefine,,1,โรงพยาบาลจุฬาภรณ์400เตียง,400B01-F1,โรงพยาบาล 400B - ชั้น 1,,,,,,,,,,CRA,,,,Nattapon,23-06-24,,0,-
2478,DELIGHT,DLEM-209L2ATRT,400B01-EE-EML-1.FL-0023,,,21032201,,Emergency Light,,,,,,,,,Emergency Light FL1 No.23,,ห้องไฟฟ้า แผนก อุบัติเหตุ ฉุกเฉิน - 1A,In Use,,,23-06-24,,0,0,0,0,0,1,0,0,0,,,,,undefine,,1,โรงพยาบาลจุฬาภรณ์400เตียง,400B01-F1,โรงพยาบาล 400B - ชั้น 1,,,,,,,,,,CRA,,,,Nattapon,23-06-24,,0,-
2479,DELIGHT,DLEM-209L2ATRT,400B01-EE-EML-1.FL-0024,,,21032201,,Emergency Light,,,,,,,,,Emergency Light FL1 No.24,,ห้องน้ำหญิง แผนก อุบัติเหตุ ฉุกเฉิน - 1A,In Use,,,23-06-24,,0,0,0,0,0,1,0,0,0,,,,,undefine,,1,โรงพยาบาลจุฬาภรณ์400เตียง,400B01-F1,โรงพยาบาล 400B - ชั้น 1,,,,,,,,,,CRA,,,,Nattapon,23-06-24,,0,-
2480,DELIGHT,DLEM-209L2ATRT,400B01-EE-EML-1.FL-0025,,,21032201,,Emergency Light,,,,,,,,,Emergency Light FL1 No.25,,ห้องน้ำชาย แผนก อุบัติเหตุ ฉุกเฉิน - 1A,In Use,,,23-06-24,,0,0,0,0,0,1,0,0,0,,,,,undefine,,1,โรงพยาบาลจุฬาภรณ์400เตียง,400B01-F1,โรงพยาบาล 400B - ชั้น 1,,,,,,,,,,CRA,,,,Nattapon,23-06-24,,0,-
2481,DELIGHT,DLEM-209L2ATRT,400B01-EE-EML-1.FL-0026,,,29/05/201,,Emergency Light,,,,,,,,,Emergency Light FL1 No.26,,ห้องน้ำพิการ แผนก อุบัติเหตุ ฉุกเฉิน - 1A,In Use,,,23-06-24,,0,0,0,0,0,1,0,0,0,,,,,undefine,,1,โรงพยาบาลจุฬาภรณ์400เตียง,400B01-F1,โรงพยาบาล 400B - ชั้น 1,,,,,,,,,,CRA,,,,Nattapon,23-06-24,,0,-
2482,DELIGHT,DLEM-209L2ATRT,400B01-EE-EML-1.FL-0027,,,21032201,,Emergency Light,,,,,,,,,Emergency Light FL1 No.27,,ห้อง AHU แผนก อุบัติเหตุ ฉุกเฉิน - 1A,In Use,,,23-06-24,,0,0,0,0,0,1,0,0,0,,,,,undefine,,1,โรงพยาบาลจุฬาภรณ์400เตียง,400B01-F1,โรงพยาบาล 400B - ชั้น 1,,,,,,,,,,CRA,,,,Nattapon,23-06-24,,0,-
2483,DELIGHT,DLEM-209L2ATRT,400B01-EE-EML-1.FL-0028,,,21032201,,Emergency Light,,,,,,,,,Emergency Light FL1 No.28,,ห้องสื่อสาร ZONE A - 1A,In Use,,,23-06-24,,0,0,0,0,0,1,0,0,0,,,,,undefine,,1,โรงพยาบาลจุฬาภรณ์400เตียง,400B01-F1,โรงพยาบาล 400B - ชั้น 1,,,,,,,,,,CRA,,,,Nattapon,23-06-24,,0,-
2484,DELIGHT,DLEM-209L2ATRT,400B01-EE-EML-1.FL-0029,,,,,Emergency Light,,,,,,,,,Emergency Light FL1 No.29,,ห้อง AHU ZONE A - 1A,In Use,,,23-06-24,,0,0,0,0,0,1,0,0,0,,,,,undefine,,1,โรงพยาบาลจุฬาภรณ์400เตียง,400B01-F1,โรงพยาบาล 400B - ชั้น 1,,,,,,,,,,CRA,,,,Nattapon,23-06-24,,0,-
2485,DELIGHT,DLEM-209L2ATRT,400B01-EE-EML-1.FL-0030,,,22032203006,,Emergency Light,,,,,,,,,Emergency Light FL1 No.30,,ห้องไฟฟ้า ZONE A - 1A,In Use,,,23-06-24,,0,0,0,0,0,1,0,0,0,,,,,undefine,,1,โรงพยาบาลจุฬาภรณ์400เตียง,400B01-F1,โรงพยาบาล 400B - ชั้น 1,,,,,,,,,,CRA,,,,Nattapon,23-06-24,,0,-
2486,DELIGHT,DLEM-209L2ATRT,400B01-EE-EML-2.FL-0001,,,18032201,,Emergency Light,,,,,,,,,Emergency Light FL2 No.1,,ห้องAHU กุมารเวช  - 2A,In Use,,,23-06-24,,0,0,0,0,0,1,0,0,0,,,,,undefine,,1,โรงพยาบาลจุฬาภรณ์400เตียง,400B01-F2,โรงพยาบาล 400B - ชั้น 2,,,,,,,,,,CRA,,,,Nattapon,23-06-24,,0,-
2487,DELIGHT,DLEM-209L2ATRT,400B01-EE-EML-2.FL-0002,,,18032201,,Emergency Light,,,,,,,,,Emergency Light FL2 No.2,,ห้องAHU ฝั่งติดบันไดเลื่อน - 2A,In Use,,,23-06-24,,0,0,0,0,0,1,0,0,0,,,,,undefine,,1,โรงพยาบาลจุฬาภรณ์400เตียง,400B01-F2,โรงพยาบาล 400B - ชั้น 2,,,,,,,,,,CRA,,,,Nattapon,23-06-24,,0,-
2488,DELIGHT,DLEM-209L2ATRT,400B01-EE-EML-2.FL-0003,,,22092201,,Emergency Light,,,,,,,,,Emergency Light FL2 No.3,,ห้องAHU ฝั่งติด กุมารเวช  - 2A,In Use,,,23-06-24,,0,0,0,0,0,1,0,0,0,,,,,undefine,,1,โรงพยาบาลจุฬาภรณ์400เตียง,400B01-F2,โรงพยาบาล 400B - ชั้น 2,,,,,,,,,,CRA,,,,Nattapon,23-06-24,,0,-
2489,DELIGHT,DLEM-209L2ATRT,400B01-EE-EML-2.FL-0004,,,18032201,,Emergency Light,,,,,,,,,Emergency Light FL2 No.4,,ห้องน้ำหญิง  ZONE A - 2A,In Use,,,23-06-24,,0,0,0,0,0,1,0,0,0,,,,,undefine,,1,โรงพยาบาลจุฬาภรณ์400เตียง,400B01-F2,โรงพยาบาล 400B - ชั้น 2,,,,,,,,,,CRA,,,,Nattapon,23-06-24,,0,-
2490,DELIGHT,DLEM-209L2ATRT,400B01-EE-EML-2.FL-0005,,,18032201,,Emergency Light,,,,,,,,,Emergency Light FL2 No.5,,ห้องน้ำชาย  ZONE A - 2A,In Use,,,23-06-24,,0,0,0,0,0,1,0,0,0,,,,,undefine,,1,โรงพยาบาลจุฬาภรณ์400เตียง,400B01-F2,โรงพยาบาล 400B - ชั้น 2,,,,,,,,,,CRA,,,,Nattapon,23-06-24,,0,-
2491,DELIGHT,DLEM-209L2ATRT,400B01-EE-EML-2.FL-0006,,,18032201,,Emergency Light,,,,,,,,,Emergency Light FL2 No.6,,ห้องน้ำคนพิการ ZONE A - 2A,In Use,,,23-06-24,,0,0,0,0,0,1,0,0,0,,,,,undefine,,1,โรงพยาบาลจุฬาภรณ์400เตียง,400B01-F2,โรงพยาบาล 400B - ชั้น 2,,,,,,,,,,CRA,,,,Nattapon,23-06-24,,0,-
2492,DELIGHT,DLEM-209L2ATRT,400B01-EE-EML-2.FL-0007,,,22092201,,Emergency Light,,,,,,,,,Emergency Light FL2 No.7,,ห้องAHU ZONE A - 2A,In Use,,,23-06-24,,0,0,0,0,0,1,0,0,0,,,,,undefine,,1,โรงพยาบาลจุฬาภรณ์400เตียง,400B01-F2,โรงพยาบาล 400B - ชั้น 2,,,,,,,,,,CRA,,,,Nattapon,23-06-24,,0,-
2493,DELIGHT,DLEM-209L2ATRT,400B01-EE-EML-2.FL-0008,,,25032203021,,Emergency Light,,,,,,,,,Emergency Light FL2 No.8,,ห้องสื่อสาร ZONE A - 2A,In Use,,,23-06-24,,0,0,0,0,0,1,0,0,0,,,,,undefine,,1,โรงพยาบาลจุฬาภรณ์400เตียง,400B01-F2,โรงพยาบาล 400B - ชั้น 2,,,,,,,,,,CRA,,,,Nattapon,23-06-24,,0,-
2494,DELIGHT,DLEM-209L2ATRT,400B01-EE-EML-2.FL-0009,,,18032201,,Emergency Light,,,,,,,,,Emergency Light FL2 No.9,,ห้องไฟฟ้า ZONE A - 2A,In Use,,,23-06-24,,0,0,0,0,0,1,0,0,0,,,,,undefine,,1,โรงพยาบาลจุฬาภรณ์400เตียง,400B01-F2,โรงพยาบาล 400B - ชั้น 2,,,,,,,,,,CRA,,,,Nattapon,23-06-24,,0,-
2495,DELIGHT,DLEM-209L2ATRT,400B01-EE-EML-2.FL-0010,,,18032201,,Emergency Light,,,,,,,,,Emergency Light FL2 No.10,,หน้าห้องแม่บ้าน แผนกศัลยกรรม - 2B,In Use,,,23-06-24,,0,0,0,0,0,1,0,0,0,,,,,undefine,,1,โรงพยาบาลจุฬาภรณ์400เตียง,400B01-F2,โรงพยาบาล 400B - ชั้น 2,,,,,,,,,,CRA,,,,Nattapon,23-06-24,,0,-
2496,DELIGHT,DLEM-209L2ATRT,400B01-EE-EML-2.FL-0011,,,21032201,,Emergency Light,,,,,,,,,Emergency Light FL2 No.11,,ห้องน้ำหญิง  ติดแผนกหัวใจและหลอดเลือด - 2B,In Use,,,23-06-24,,0,0,0,0,0,1,0,0,0,,,,,undefine,,1,โรงพยาบาลจุฬาภรณ์400เตียง,400B01-F2,โรงพยาบาล 400B - ชั้น 2,,,,,,,,,,CRA,,,,Nattapon,23-06-24,,0,-
2497,DELIGHT,DLEM-209L2ATRT,400B01-EE-EML-2.FL-0012,,,21032201,,Emergency Light,,,,,,,,,Emergency Light FL2 No.12,,ห้องน้ำคนพิการ  ติดแผนกหัวใจและหลอดเลือด - 2B,In Use,,,23-06-24,,0,0,0,0,0,1,0,0,0,,,,,undefine,,1,โรงพยาบาลจุฬาภรณ์400เตียง,400B01-F2,โรงพยาบาล 400B - ชั้น 2,,,,,,,,,,CRA,,,,Nattapon,23-06-24,,0,-
2498,DELIGHT,DLEM-209L2ATRT,400B01-EE-EML-2.FL-0013,,,21032201,,Emergency Light,,,,,,,,,Emergency Light FL2 No.13,,ห้องน้ำชาย  ติดแผนกหัวใจและหลอดเลือด - 2B,In Use,,,23-06-24,,0,0,0,0,0,1,0,0,0,,,,,undefine,,1,โรงพยาบาลจุฬาภรณ์400เตียง,400B01-F2,โรงพยาบาล 400B - ชั้น 2,,,,,,,,,,CRA,,,,Nattapon,23-06-24,,0,-
2499,DELIGHT,DLEM-209L2ATRT,400B01-EE-EML-2.FL-0014,,,25032203056,,Emergency Light,,,,,,,,,Emergency Light FL2 No.14,,ห้องสื่อสาร ZONE B - 2B,In Use,,,23-06-24,,0,0,0,0,0,1,0,0,0,,,,,undefine,,1,โรงพยาบาลจุฬาภรณ์400เตียง,400B01-F2,โรงพยาบาล 400B - ชั้น 2,,,,,,,,,,CRA,,,,Nattapon,23-06-24,,0,-
2500,DELIGHT,DLEM-209L2ATRT,400B01-EE-EML-2.FL-0015,,,21032201,,Emergency Light,,,,,,,,,Emergency Light FL2 No.15,,ห้องน้ำหญิง  ติดแผนกห้องเจาะเลือด - 2B,In Use,,,23-06-24,,0,0,0,0,0,1,0,0,0,,,,,undefine,,1,โรงพยาบาลจุฬาภรณ์400เตียง,400B01-F2,โรงพยาบาล 400B - ชั้น 2,,,,,,,,,,CRA,,,,Nattapon,23-06-24,,0,-
2501,DELIGHT,DLEM-209L2ATRT,400B01-EE-EML-2.FL-0016,,,21032201,,Emergency Light,,,,,,,,,Emergency Light FL2 No.16,,ห้องน้ำคนพิการ  ติดแผนกห้องเจาะเลือด - 2B,In Use,,,23-06-24,,0,0,0,0,0,1,0,0,0,,,,,undefine,,1,โรงพยาบาลจุฬาภรณ์400เตียง,400B01-F2,โรงพยาบาล 400B - ชั้น 2,,,,,,,,,,CRA,,,,Nattapon,23-06-24,,0,-
2502,DELIGHT,DLEM-209L2ATRT,400B01-EE-EML-2.FL-0017,,,21032201,,Emergency Light,,,,,,,,,Emergency Light FL2 No.17,,ห้องน้ำชาย  ติดแผนกห้องเจาะเลือด - 2B,In Use,,,23-06-24,,0,0,0,0,0,1,0,0,0,,,,,undefine,,1,โรงพยาบาลจุฬาภรณ์400เตียง,400B01-F2,โรงพยาบาล 400B - ชั้น 2,,,,,,,,,,CRA,,,,Nattapon,23-06-24,,0,-
2503,DELIGHT,DLEM-209L2ATRT,400B01-EE-EML-2.FL-0018,,,21032201,,Emergency Light,,,,,,,,,Emergency Light FL2 No.18,,ห้องAHU  ติดแผนกห้องเจาะเลือด - 2B,In Use,,,23-06-24,,0,0,0,0,0,1,0,0,0,,,,,undefine,,1,โรงพยาบาลจุฬาภรณ์400เตียง,400B01-F2,โรงพยาบาล 400B - ชั้น 2,,,,,,,,,,CRA,,,,Nattapon,23-06-24,,0,-
2504,DELIGHT,DLEM-209L2ATRT,400B01-EE-EML-2.FL-0019,,,22032203085,,Emergency Light,,,,,,,,,Emergency Light FL2 No.19,,ห้องไฟฟ้า ZONE B - 2B,In Use,,,23-06-24,,0,0,0,0,0,1,0,0,0,,,,,undefine,,1,โรงพยาบาลจุฬาภรณ์400เตียง,400B01-F2,โรงพยาบาล 400B - ชั้น 2,,,,,,,,,,CRA,,,,Nattapon,23-06-24,,0,-
2505,DELIGHT,DLEM-209L2ATRT,400B01-EE-EML-3.FL-0001,,,18032201,,Emergency Light,,,,,,,,,Emergency Light FL3 No.1,,หน้าห้อง PantryNo.1 พักแพทย์ฝั่งศูนย์ราชการ - ชั้น 3,In Use,,,23-06-24,,0,0,0,0,0,1,0,0,0,,,,,undefine,,1,โรงพยาบาลจุฬาภรณ์400เตียง,400B01-F3,โรงพยาบาล 400B - ชั้น 3,,,,,,,,,,CRA,,,,Nattapon,23-06-24,,0,-
2506,DELIGHT,DLEM-209L2ATRT,400B01-EE-EML-3.FL-0002,,,18032201,,Emergency Light,,,,,,,,,Emergency Light FL3 No.2,,หน้าห้อง Pantry No.2 พักแพทย์ฝั่งศูนย์ราชการ - ชั้น 3,In Use,,,23-06-24,,0,0,0,0,0,1,0,0,0,,,,,undefine,,1,โรงพยาบาลจุฬาภรณ์400เตียง,400B01-F3,โรงพยาบาล 400B - ชั้น 3,,,,,,,,,,CRA,,,,Nattapon,23-06-24,,0,-
2507,DELIGHT,DLEM-209L2ATRT,400B01-EE-EML-3.FL-0003,,,18032201,,Emergency Light,,,,,,,,,Emergency Light FL3 No.3,,หลังห้องตรวจที่ 2 ฝั่งศูนย์ราชการ - ชั้น 3,In Use,,,23-06-24,,0,0,0,0,0,1,0,0,0,,,,,undefine,,1,โรงพยาบาลจุฬาภรณ์400เตียง,400B01-F3,โรงพยาบาล 400B - ชั้น 3,,,,,,,,,,CRA,,,,Nattapon,23-06-24,,0,-
2508,DELIGHT,DLEM-209L2ATRT,400B01-EE-EML-3.FL-0004,,,25032203032,,Emergency Light,,,,,,,,,Emergency Light FL3 No.4,,ห้อง AHU ฝั่งศูนย์ราชการ - ชั้น 3,In Use,,,23-06-24,,0,0,0,0,0,1,0,0,0,,,,,undefine,,1,โรงพยาบาลจุฬาภรณ์400เตียง,400B01-F3,โรงพยาบาล 400B - ชั้น 3,,,,,,,,,,CRA,,,,Nattapon,23-06-24,,0,-
2509,DELIGHT,DLEM-209L2ATRT,400B01-EE-EML-3.FL-0005,,,22092201,,Emergency Light,,,,,,,,,Emergency Light FL3 No.5,,ห้องไฟฟ้าสื่อสาร - ชั้น 3,In Use,,,23-06-24,,0,0,0,0,0,1,0,0,0,,,,,undefine,,1,โรงพยาบาลจุฬาภรณ์400เตียง,400B01-F3,โรงพยาบาล 400B - ชั้น 3,,,,,,,,,,CRA,,,,Nattapon,23-06-24,,0,-
2510,DELIGHT,DLEM-209L2ATRT,400B01-EE-EML-3.FL-0006,,,25032203077,,Emergency Light,,,,,,,,,Emergency Light FL3 No.6,,ห้องน้ำคนพิการ Zone A - ชั้น 3,In Use,,,23-06-24,,0,0,0,0,0,1,0,0,0,,,,,undefine,,1,โรงพยาบาลจุฬาภรณ์400เตียง,400B01-F3,โรงพยาบาล 400B - ชั้น 3,,,,,,,,,,CRA,,,,Nattapon,23-06-24,,0,-
2511,DELIGHT,DLEM-209L2ATRT,400B01-EE-EML-3.FL-0007,,,25032203028,,Emergency Light,,,,,,,,,Emergency Light FL3 No.7,,ห้องน้ำชาย Zone A - ชั้น 3,In Use,,,23-06-24,,0,0,0,0,0,1,0,0,0,,,,,undefine,,1,โรงพยาบาลจุฬาภรณ์400เตียง,400B01-F3,โรงพยาบาล 400B - ชั้น 3,,,,,,,,,,CRA,,,,Nattapon,23-06-24,,0,-
2512,DELIGHT,DLEM-209L2ATRT,400B01-EE-EML-3.FL-0008,,,25032203015,,Emergency Light,,,,,,,,,Emergency Light FL3 No.8,,ห้องน้ำหญิง Zone A - ชั้น 3,In Use,,,23-06-24,,0,0,0,0,0,1,0,0,0,,,,,undefine,,1,โรงพยาบาลจุฬาภรณ์400เตียง,400B01-F3,โรงพยาบาล 400B - ชั้น 3,,,,,,,,,,CRA,,,,Nattapon,23-06-24,,0,-
2513,DELIGHT,DLEM-209L2ATRT,400B01-EE-EML-3.FL-0009,,,25032203005,,Emergency Light,,,,,,,,,Emergency Light FL3 No.9,,ห้อง AHU ติดฝั่งวิทยาลัยฯ - ชั้น 3,In Use,,,23-06-24,,0,0,0,0,0,1,0,0,0,,,,,undefine,,1,โรงพยาบาลจุฬาภรณ์400เตียง,400B01-F3,โรงพยาบาล 400B - ชั้น 3,,,,,,,,,,CRA,,,,Nattapon,23-06-24,,0,-
2514,DELIGHT,DLEM-209L2ATRT,400B01-EE-EML-3.FL-0010,,,25032203086,,Emergency Light,,,,,,,,,Emergency Light FL3 No.10,,การแพทย์บูรณาการ ห้องหัตถการ - ชั้น 3,In Use,,,23-06-24,,0,0,0,0,0,1,0,0,0,,,,,undefine,,1,โรงพยาบาลจุฬาภรณ์400เตียง,400B01-F3,โรงพยาบาล 400B - ชั้น 3,,,,,,,,,,CRA,,,,Nattapon,23-06-24,,0,-
2515,DELIGHT,DLEM-209L2ATRT,400B01-EE-EML-3.FL-0011,,,25032203058,,Emergency Light,,,,,,,,,Emergency Light FL3 No.11,,การแพทย์บูรณาการฝั่งตู้ FHC-03-12 - ชั้น 3,In Use,,,23-06-24,,0,0,0,0,0,1,0,0,0,,,,,undefine,,1,โรงพยาบาลจุฬาภรณ์400เตียง,400B01-F3,โรงพยาบาล 400B - ชั้น 3,,,,,,,,,,CRA,,,,Nattapon,23-06-24,,0,-
2516,DELIGHT,DLEM-209L2ATRT,400B01-EE-EML-3.FL-0012,,,18032201,,Emergency Light,,,,,,,,,Emergency Light FL3 No.12,,การแพทย์บูรณาการห้อง Staff on - ชั้น 3,In Use,,,23-06-24,,0,0,0,0,0,1,0,0,0,,,,,undefine,,1,โรงพยาบาลจุฬาภรณ์400เตียง,400B01-F3,โรงพยาบาล 400B - ชั้น 3,,,,,,,,,,CRA,,,,Nattapon,23-06-24,,0,-
2517,DELIGHT,DLEM-209L2ATRT,400B01-EE-EML-3.FL-0013,,,18032201,,Emergency Light,,,,,,,,,Emergency Light FL3 No.13,,ผิวหนังและเลเซอร์ หน้าห้องตรวจ 2 - ชั้น 3,In Use,,,23-06-24,,0,0,0,0,0,1,0,0,0,,,,,undefine,,1,โรงพยาบาลจุฬาภรณ์400เตียง,400B01-F3,โรงพยาบาล 400B - ชั้น 3,,,,,,,,,,CRA,,,,Nattapon,23-06-24,,0,-
2518,DELIGHT,DLEM-209L2ATRT,400B01-EE-EML-3.FL-0014,,,18032201,,Emergency Light,,,,,,,,,Emergency Light FL3 No.14,,ผิวหนังและเลเซอร์ หน้าห้องหม้อแปลง ฝั่งตึก วท. - ชั้น 3,In Use,,,23-06-24,,0,0,0,0,0,1,0,0,0,,,,,undefine,,1,โรงพยาบาลจุฬาภรณ์400เตียง,400B01-F3,โรงพยาบาล 400B - ชั้น 3,,,,,,,,,,CRA,,,,Nattapon,23-06-24,,0,-
2519,DELIGHT,DLEM-209L2ATRT,400B01-EE-EML-3.FL-0015,,,22032201,,Emergency Light,,,,,,,,,Emergency Light FL3 No.15,,ผิวหนังและเลเซอร์ ในห้องหม้อแปลง ฝั่งตึก วท. - ชั้น 3,In Use,,,23-06-24,,0,0,0,0,0,1,0,0,0,,,,,undefine,,1,โรงพยาบาลจุฬาภรณ์400เตียง,400B01-F3,โรงพยาบาล 400B - ชั้น 3,,,,,,,,,,CRA,,,,Nattapon,23-06-24,,0,-
2520,DELIGHT,DLEM-209L2ATRT,400B01-EE-EML-3.FL-0016,,,25032203050,,Emergency Light,,,,,,,,,Emergency Light FL3 No.16,,ผิวหนังและเลเซอร์ ในห้อง AHU ฝั่งตึก วท. - ชั้น 3,In Use,,,23-06-24,,0,0,0,0,0,1,0,0,0,,,,,undefine,,1,โรงพยาบาลจุฬาภรณ์400เตียง,400B01-F3,โรงพยาบาล 400B - ชั้น 3,,,,,,,,,,CRA,,,,Nattapon,23-06-24,,0,-
2521,DELIGHT,DLEM-209L2ATRT,400B01-EE-EML-3.FL-0017,,,18032201,,Emergency Light,,,,,,,,,Emergency Light FL3 No.17,,ผิวหนังและเลเซอร์ หน้าห้อง AHU ฝั่งตึก วท. - ชั้น 3,In Use,,,23-06-24,,0,0,0,0,0,1,0,0,0,,,,,undefine,,1,โรงพยาบาลจุฬาภรณ์400เตียง,400B01-F3,โรงพยาบาล 400B - ชั้น 3,,,,,,,,,,CRA,,,,Nattapon,23-06-24,,0,-
2522,DELIGHT,DLEM-209L2ATRT,400B01-EE-EML-3.FL-0018,,,18032201,,Emergency Light,,,,,,,,,Emergency Light FL3 No.18,,ห้องไฟฟ้ากำลัง Shaft A - ชั้น 3,In Use,,,23-06-24,,0,0,0,0,0,1,0,0,0,,,,,undefine,,1,โรงพยาบาลจุฬาภรณ์400เตียง,400B01-F3,โรงพยาบาล 400B - ชั้น 3,,,,,,,,,,CRA,,,,Nattapon,23-06-24,,0,-
2523,DELIGHT,DLEM-209L2ATRT,400B01-EE-EML-3.FL-0019,,,25032203087,,Emergency Light,,,,,,,,,Emergency Light FL3 No.19,,ห้อง AHU ฝั่งติดแผนก Check up - ชั้น 3B,In Use,,,23-06-24,,0,0,0,0,0,1,0,0,0,,,,,undefine,,1,โรงพยาบาลจุฬาภรณ์400เตียง,400B01-F3,โรงพยาบาล 400B - ชั้น 3,,,,,,,,,,CRA,,,,Nattapon,23-06-24,,0,-
2524,DELIGHT,DLEM-209L2ATRT,400B01-EE-EML-3.FL-0020,,,23032203035,,Emergency Light,,,,,,,,,Emergency Light FL3 No.20,,ห้องน้ำคนพิการ Zone B (ฝั่งติดศูนย์อาหาร) - ชั้น 3B,In Use,,,23-06-24,,0,0,0,0,0,1,0,0,0,,,,,undefine,,1,โรงพยาบาลจุฬาภรณ์400เตียง,400B01-F3,โรงพยาบาล 400B - ชั้น 3,,,,,,,,,,CRA,,,,Nattapon,23-06-24,,0,-
2525,DELIGHT,DLEM-209L2ATRT,400B01-EE-EML-3.FL-0021,,,23032203090,,Emergency Light,,,,,,,,,Emergency Light FL3 No.21,,ห้องไฟฟ้าโซน B - ชั้น 3B,In Use,,,23-06-24,,0,0,0,0,0,1,0,0,0,,,,,undefine,,1,โรงพยาบาลจุฬาภรณ์400เตียง,400B01-F3,โรงพยาบาล 400B - ชั้น 3,,,,,,,,,,CRA,,,,Nattapon,23-06-24,,0,-
2526,DELIGHT,DLEM-209L2ATRT,400B01-EE-EML-3.FL-0022,,,25032203060,,Emergency Light,,,,,,,,,Emergency Light FL3 No.22,,ห้องน้ำชาย Zone B (ฝั่งติดศูนย์อาหาร) - ชั้น 3B,In Use,,,23-06-24,,0,0,0,0,0,1,0,0,0,,,,,undefine,,1,โรงพยาบาลจุฬาภรณ์400เตียง,400B01-F3,โรงพยาบาล 400B - ชั้น 3,,,,,,,,,,CRA,,,,Nattapon,23-06-24,,0,-
2527,DELIGHT,DLEM-209L2ATRT,400B01-EE-EML-3.FL-0023,,,24032203013,,Emergency Light,,,,,,,,,Emergency Light FL3 No.23,,ห้องน้ำหญิง Zone B (ฝั่งติดศูนย์อาหาร) - ชั้น 3B,In Use,,,23-06-24,,0,0,0,0,0,1,0,0,0,,,,,undefine,,1,โรงพยาบาลจุฬาภรณ์400เตียง,400B01-F3,โรงพยาบาล 400B - ชั้น 3,,,,,,,,,,CRA,,,,Nattapon,23-06-24,,0,-
2528,DELIGHT,DLEM-209L2ATRT,400B01-EE-EML-3.FL-0024,,,22092201,,Emergency Light,,,,,,,,,Emergency Light FL3 No.24,,ห้องไฟฟ้าสื่อสาร Shaft 3B - ชั้น 3B,In Use,,,23-06-24,,0,0,0,0,0,1,0,0,0,,,,,undefine,,1,โรงพยาบาลจุฬาภรณ์400เตียง,400B01-F3,โรงพยาบาล 400B - ชั้น 3,,,,,,,,,,CRA,,,,Nattapon,23-06-24,,0,-
2529,DELIGHT,DLEM-209L2ATRT,400B01-EE-EML-3.FL-0025,,,25032203026,,Emergency Light,,,,,,,,,Emergency Light FL3 No.25,,ห้องน้ำชาย Zone B (ฝั่งติด Check Up) - ชั้น 3B,In Use,,,23-06-24,,0,0,0,0,0,1,0,0,0,,,,,undefine,,1,โรงพยาบาลจุฬาภรณ์400เตียง,400B01-F3,โรงพยาบาล 400B - ชั้น 3,,,,,,,,,,CRA,,,,Nattapon,23-06-24,,0,-
2530,DELIGHT,DLEM-209L2ATRT,400B01-EE-EML-3.FL-0026,,,23032203069,,Emergency Light,,,,,,,,,Emergency Light FL3 No.26,,ห้องน้ำชาย Zone B (แผนกCheck Up) - ชั้น 3B,In Use,,,23-06-24,,0,0,0,0,0,1,0,0,0,,,,,undefine,,1,โรงพยาบาลจุฬาภรณ์400เตียง,400B01-F3,โรงพยาบาล 400B - ชั้น 3,,,,,,,,,,CRA,,,,Nattapon,23-06-24,,0,-
2531,DELIGHT,DLEM-209L2ATRT,400B01-EE-EML-3.FL-0027,,,25032203067,,Emergency Light,,,,,,,,,Emergency Light FL3 No.27,,ห้องน้ำคนพิการ Zone B (ฝั่งติด Check Up) - ชั้น 3B,In Use,,,23-06-24,,0,0,0,0,0,1,0,0,0,,,,,undefine,,1,โรงพยาบาลจุฬาภรณ์400เตียง,400B01-F3,โรงพยาบาล 400B - ชั้น 3,,,,,,,,,,CRA,,,,Nattapon,23-06-24,,0,-
2532,DELIGHT,DLEM-209L2ATRT,400B01-EE-EML-3.FL-0028,,,23032203077,,Emergency Light,,,,,,,,,Emergency Light FL3 No.28,,ห้องน้ำหญิง Zone B (แผนกCheck Up) - ชั้น 3B,In Use,,,23-06-24,,0,0,0,0,0,1,0,0,0,,,,,undefine,,1,โรงพยาบาลจุฬาภรณ์400เตียง,400B01-F3,โรงพยาบาล 400B - ชั้น 3,,,,,,,,,,CRA,,,,Nattapon,23-06-24,,0,-
2533,DELIGHT,DLEM-209L2ATRT,400B01-EE-EML-3.FL-0029,,,25032203037,,Emergency Light,,,,,,,,,Emergency Light FL3 No.29,,ห้องน้ำหญิง Zone B (ฝั่งติด Check Up) - ชั้น 3B,In Use,,,23-06-24,,0,0,0,0,0,1,0,0,0,,,,,undefine,,1,โรงพยาบาลจุฬาภรณ์400เตียง,400B01-F3,โรงพยาบาล 400B - ชั้น 3,,,,,,,,,,CRA,,,,Nattapon,23-06-24,,0,-
2534,DELIGHT,DLEM-209L2ATRT,400B01-EE-EML-3.FL-0030,,,24032203006,,Emergency Light,,,,,,,,,Emergency Light FL3 No.30,,ห้อง AHU แผนก Check Up  - ชั้น 3B,In Use,,,23-06-24,,0,0,0,0,0,1,0,0,0,,,,,undefine,,1,โรงพยาบาลจุฬาภรณ์400เตียง,400B01-F3,โรงพยาบาล 400B - ชั้น 3,,,,,,,,,,CRA,,,,Nattapon,23-06-24,,0,-
2535,DELIGHT,DLEM-209L2ATRT,400B01-EE-EML-4.FL-0001,,,21032201,,Emergency Light,,,,,,,,,Emergency Light FL4 No.1,,ห้องAHU ติดห้องเปลี่ยนเสื้อผ้า - 4,In Use,,,23-06-24,,0,0,0,0,0,1,0,0,0,,,,,undefine,,1,โรงพยาบาลจุฬาภรณ์400เตียง,400B01-F4,โรงพยาบาล 400B - ชั้น 4,,,,,,,,,,CRA,,,,Nattapon,23-06-24,,0,-
2536,DELIGHT,DLEM-209L2ATRT,400B01-EE-EML-4.FL-0002,,,21032201,,Emergency Light,,,,,,,,,Emergency Light FL4 No.2,,ห้อง M&E ZONE A - 4A,In Use,,,23-06-24,,0,0,0,0,0,1,0,0,0,,,,,undefine,,1,โรงพยาบาลจุฬาภรณ์400เตียง,400B01-F4,โรงพยาบาล 400B - ชั้น 4,,,,,,,,,,CRA,,,,Nattapon,23-06-24,,0,-
2537,DELIGHT,DLEM-209L2ATRT,400B01-EE-EML-4.FL-0003,,,22032203009,,Emergency Light,,,,,,,,,Emergency Light FL4 No.3,,ห้องน้ำหญิง แผนก cath lab - 4A,In Use,,,23-06-24,,0,0,0,0,0,1,0,0,0,,,,,undefine,,1,โรงพยาบาลจุฬาภรณ์400เตียง,400B01-F4,โรงพยาบาล 400B - ชั้น 4,,,,,,,,,,CRA,,,,Nattapon,23-06-24,,0,-
2538,DELIGHT,DLEM-209L2ATRT,400B01-EE-EML-4.FL-0004,,,22032203019,,Emergency Light,,,,,,,,,Emergency Light FL4 No.4,,ห้องน้ำชาย แผนก cath lab - 4A,In Use,,,23-06-24,,0,0,0,0,0,1,0,0,0,,,,,undefine,,1,โรงพยาบาลจุฬาภรณ์400เตียง,400B01-F4,โรงพยาบาล 400B - ชั้น 4,,,,,,,,,,CRA,,,,Nattapon,23-06-24,,0,-
2539,DELIGHT,DLEM-209L2ATRT,400B01-EE-EML-4.FL-0005,,,22032203024,,Emergency Light,,,,,,,,,Emergency Light FL4 No.5,,ห้องน้ำหญิง ZONE A - 4A,In Use,,,23-06-24,,0,0,0,0,0,1,0,0,0,,,,,undefine,,1,โรงพยาบาลจุฬาภรณ์400เตียง,400B01-F4,โรงพยาบาล 400B - ชั้น 4,,,,,,,,,,CRA,,,,Nattapon,23-06-24,,0,-
2540,DELIGHT,DLEM-209L2ATRT,400B01-EE-EML-4.FL-0006,,,22032203065,,Emergency Light,,,,,,,,,Emergency Light FL4 No.6,,ห้องน้ำชาย ZONE A - 4A,In Use,,,23-06-24,,0,0,0,0,0,1,0,0,0,,,,,undefine,,1,โรงพยาบาลจุฬาภรณ์400เตียง,400B01-F4,โรงพยาบาล 400B - ชั้น 4,,,,,,,,,,CRA,,,,Nattapon,23-06-24,,0,-
2541,DELIGHT,DLEM-209L2ATRT,400B01-EE-EML-4.FL-0007,,,22032203079,,Emergency Light,,,,,,,,,Emergency Light FL4 No.7,,ห้องน้ำคนพิการ ZONE A - 4A,In Use,,,23-06-24,,0,0,0,0,0,1,0,0,0,,,,,undefine,,1,โรงพยาบาลจุฬาภรณ์400เตียง,400B01-F4,โรงพยาบาล 400B - ชั้น 4,,,,,,,,,,CRA,,,,Nattapon,23-06-24,,0,-
2542,DELIGHT,DLEM-209L2ATRT,400B01-EE-EML-4.FL-0008,,,24032203011,,Emergency Light,,,,,,,,,Emergency Light FL4 No.8,,ห้องสื่อสาร ZONE A - 4A,In Use,,,23-06-24,,0,0,0,0,0,1,0,0,0,,,,,undefine,,1,โรงพยาบาลจุฬาภรณ์400เตียง,400B01-F4,โรงพยาบาล 400B - ชั้น 4,,,,,,,,,,CRA,,,,Nattapon,23-06-24,,0,-
2543,DELIGHT,DLEM-209L2ATRT,400B01-EE-EML-4.FL-0009,,,18032201,,Emergency Light,,,,,,,,,Emergency Light FL4 No.9,,ห้องไฟฟ้าZONE A - 4A,In Use,,,23-06-24,,0,0,0,0,0,1,0,0,0,,,,,undefine,,1,โรงพยาบาลจุฬาภรณ์400เตียง,400B01-F4,โรงพยาบาล 400B - ชั้น 4,,,,,,,,,,CRA,,,,Nattapon,23-06-24,,0,-
2544,DELIGHT,DLEM-209L2ATRT,400B01-EE-EML-4.FL-0010,,,25032203082,,Emergency Light,,,,,,,,,Emergency Light FL4 No.10,,ห้องAHU ติดบันไดหนีไฟ แผนกไต - 4B,In Use,,,23-06-24,,0,0,0,0,0,1,0,0,0,,,,,undefine,,1,โรงพยาบาลจุฬาภรณ์400เตียง,400B01-F4,โรงพยาบาล 400B - ชั้น 4,,,,,,,,,,CRA,,,,Nattapon,23-06-24,,0,-
2545,DELIGHT,DLEM-209L2ATRT,400B01-EE-EML-4.FL-0011,,,21032201,,Emergency Light,,,,,,,,,Emergency Light FL4 No.11,,ห้องAHU  แผนกไต - 4B,In Use,,,23-06-24,,0,0,0,0,0,1,0,0,0,,,,,undefine,,1,โรงพยาบาลจุฬาภรณ์400เตียง,400B01-F4,โรงพยาบาล 400B - ชั้น 4,,,,,,,,,,CRA,,,,Nattapon,23-06-24,,0,-
2546,DELIGHT,DLEM-209L2ATRT,400B01-EE-EML-4.FL-0012,,,22032203096,,Emergency Light,,,,,,,,,Emergency Light FL4 No.12,,ห้องน้ำคนพิการ ห้องที่ 3 แผนกไต  - 4B,In Use,,,23-06-24,,0,0,0,0,0,1,0,0,0,,,,,undefine,,1,โรงพยาบาลจุฬาภรณ์400เตียง,400B01-F4,โรงพยาบาล 400B - ชั้น 4,,,,,,,,,,CRA,,,,Nattapon,23-06-24,,0,-
2547,DELIGHT,DLEM-209L2ATRT,400B01-EE-EML-4.FL-0013,,,22032203017,,Emergency Light,,,,,,,,,Emergency Light FL4 No.13,,ห้องน้ำคนพิการ ห้องที่ 2 แผนกไต  - 4B,In Use,,,23-06-24,,0,0,0,0,0,1,0,0,0,,,,,undefine,,1,โรงพยาบาลจุฬาภรณ์400เตียง,400B01-F4,โรงพยาบาล 400B - ชั้น 4,,,,,,,,,,CRA,,,,Nattapon,23-06-24,,0,-
2548,DELIGHT,DLEM-209L2ATRT,400B01-EE-EML-4.FL-0014,,,22032203099,,Emergency Light,,,,,,,,,Emergency Light FL4 No.14,,ห้องน้ำคนพิการ ห้องที่ 1 แผนกไต  - 4B,In Use,,,23-06-24,,0,0,0,0,0,1,0,0,0,,,,,undefine,,1,โรงพยาบาลจุฬาภรณ์400เตียง,400B01-F4,โรงพยาบาล 400B - ชั้น 4,,,,,,,,,,CRA,,,,Nattapon,23-06-24,,0,-
2549,DELIGHT,DLEM-209L2ATRT,400B01-EE-EML-4.FL-0015,,,18032201,,Emergency Light,,,,,,,,,Emergency Light FL4 No.15,,ห้อง M&E ZONE B - 4B,In Use,,,23-06-24,,0,0,0,0,0,1,0,0,0,,,,,undefine,,1,โรงพยาบาลจุฬาภรณ์400เตียง,400B01-F4,โรงพยาบาล 400B - ชั้น 4,,,,,,,,,,CRA,,,,Nattapon,23-06-24,,0,-
2550,DELIGHT,DLEM-209L2ATRT,400B01-EE-EML-4.FL-0016,,,22032203054,,Emergency Light,,,,,,,,,Emergency Light FL4 No.16,,ห้องAHU ติดห้องน้ำชาย  ZONE B - 4B,In Use,,,23-06-24,,0,0,0,0,0,1,0,0,0,,,,,undefine,,1,โรงพยาบาลจุฬาภรณ์400เตียง,400B01-F4,โรงพยาบาล 400B - ชั้น 4,,,,,,,,,,CRA,,,,Nattapon,23-06-24,,0,-
2551,DELIGHT,DLEM-209L2ATRT,400B01-EE-EML-4.FL-0017,,,18032201,,Emergency Light,,,,,,,,,Emergency Light FL4 No.17,,ห้องน้ำหญิง ZONE B - 4B,In Use,,,23-06-24,,0,0,0,0,0,1,0,0,0,,,,,undefine,,1,โรงพยาบาลจุฬาภรณ์400เตียง,400B01-F4,โรงพยาบาล 400B - ชั้น 4,,,,,,,,,,CRA,,,,Nattapon,23-06-24,,0,-
2552,DELIGHT,DLEM-209L2ATRT,400B01-EE-EML-4.FL-0018,,,18032201,,Emergency Light,,,,,,,,,Emergency Light FL4 No.18,,ห้องน้ำคนพิการ ZONE B - 4B,In Use,,,23-06-24,,0,0,0,0,0,1,0,0,0,,,,,undefine,,1,โรงพยาบาลจุฬาภรณ์400เตียง,400B01-F4,โรงพยาบาล 400B - ชั้น 4,,,,,,,,,,CRA,,,,Nattapon,23-06-24,,0,-
2553,DELIGHT,DLEM-209L2ATRT,400B01-EE-EML-4.FL-0019,,,18032201,,Emergency Light,,,,,,,,,Emergency Light FL4 No.19,,ห้องน้ำชาย ZONE A - 4B,In Use,,,23-06-24,,0,0,0,0,0,1,0,0,0,,,,,undefine,,1,โรงพยาบาลจุฬาภรณ์400เตียง,400B01-F4,โรงพยาบาล 400B - ชั้น 4,,,,,,,,,,CRA,,,,Nattapon,23-06-24,,0,-
2554,DELIGHT,DLEM-209L2ATRT,400B01-EE-EML-4.FL-0020,,,25032203064,,Emergency Light,,,,,,,,,Emergency Light FL4 No.20,,ห้องสื่อสาร ZONE B - 4B,In Use,,,23-06-24,,0,0,0,0,0,1,0,0,0,,,,,undefine,,1,โรงพยาบาลจุฬาภรณ์400เตียง,400B01-F4,โรงพยาบาล 400B - ชั้น 4,,,,,,,,,,CRA,,,,Nattapon,23-06-24,,0,-
2555,DELIGHT,DLEM-209L2ATRT,400B01-EE-EML-4.FL-0021,,,18032201,,Emergency Light,,,,,,,,,Emergency Light FL4 No.21,,ห้องไฟฟ้าZONE B - 4B,In Use,,,23-06-24,,0,0,0,0,0,1,0,0,0,,,,,undefine,,1,โรงพยาบาลจุฬาภรณ์400เตียง,400B01-F4,โรงพยาบาล 400B - ชั้น 4,,,,,,,,,,CRA,,,,Nattapon,23-06-24,,0,-
2556,DELIGHT,DLEM-209L2ATRT,400B01-EE-EML-5.FL-0001,,,22092201,,Emergency Light,,,,,,,,,Emergency Light FL5 No.1,,ห้องน้ำคนพิการ Zone B (ส่วนกลาง) - ชั้น 5B,In Use,,,23-06-24,,0,0,0,0,0,1,0,0,0,,,,,undefine,,1,โรงพยาบาลจุฬาภรณ์400เตียง,400B01-F5,โรงพยาบาล 400B - ชั้น 5,,,,,,,,,,CRA,,,,Nattapon,23-06-24,,0,-
2557,DELIGHT,DLEM-209L2ATRT,400B01-EE-EML-5.FL-0002,,,21032201,,Emergency Light,,,,,,,,,Emergency Light FL5 No.2,,ห้องน้ำชาย Zone B (ส่วนกลาง) - ชั้น 5B,In Use,,,23-06-24,,0,0,0,0,0,1,0,0,0,,,,,undefine,,1,โรงพยาบาลจุฬาภรณ์400เตียง,400B01-F5,โรงพยาบาล 400B - ชั้น 5,,,,,,,,,,CRA,,,,Nattapon,23-06-24,,0,-
2558,DELIGHT,DLEM-209L2ATRT,400B01-EE-EML-5.FL-0003,,,23032203057,,Emergency Light,,,,,,,,,Emergency Light FL5 No.3,,ห้อง AHU ของแผนก MICU - ชั้น 5B,In Use,,,23-06-24,,0,0,0,0,0,1,0,0,0,,,,,undefine,,1,โรงพยาบาลจุฬาภรณ์400เตียง,400B01-F5,โรงพยาบาล 400B - ชั้น 5,,,,,,,,,,CRA,,,,Nattapon,23-06-24,,0,-
2559,DELIGHT,DLEM-209L2ATRT,400B01-EE-EML-5.FL-0004,,,23032203044,,Emergency Light,,,,,,,,,Emergency Light FL5 No.4,,ห้อง AHU ของแผนก MICU - ชั้น 5B,In Use,,,23-06-24,,0,0,0,0,0,1,0,0,0,,,,,undefine,,1,โรงพยาบาลจุฬาภรณ์400เตียง,400B01-F5,โรงพยาบาล 400B - ชั้น 5,,,,,,,,,,CRA,,,,Nattapon,23-06-24,,0,-
2560,DELIGHT,DLEM-209L2ATRT,400B01-EE-EML-5.FL-0005,,,22032203016,,Emergency Light,,,,,,,,,Emergency Light FL5 No.5,,ห้องพักเจ้าหน้าที่ - ชั้น 5B,In Use,,,23-06-24,,0,0,0,0,0,1,0,0,0,,,,,undefine,,1,โรงพยาบาลจุฬาภรณ์400เตียง,400B01-F5,โรงพยาบาล 400B - ชั้น 5,,,,,,,,,,CRA,,,,Nattapon,23-06-24,,0,-
2561,DELIGHT,DLEM-209L2ATRT,400B01-EE-EML-5.FL-0006,,,23032203003,,Emergency Light,,,,,,,,,Emergency Light FL5 No.6,,ห้องเปลี่ยนเสื้อผ้า ห้องที่ 2 - ชั้น 5B,In Use,,,23-06-24,,0,0,0,0,0,1,0,0,0,,,,,undefine,,1,โรงพยาบาลจุฬาภรณ์400เตียง,400B01-F5,โรงพยาบาล 400B - ชั้น 5,,,,,,,,,,CRA,,,,Nattapon,23-06-24,,0,-
2562,DELIGHT,DLEM-209L2ATRT,400B01-EE-EML-5.FL-0007,,,22032203050,,Emergency Light,,,,,,,,,Emergency Light FL5 No.7,,ห้องเปลี่ยนเสื้อผ้า ห้องที่ 1 - ชั้น 5B,In Use,,,23-06-24,,0,0,0,0,0,1,0,0,0,,,,,undefine,,1,โรงพยาบาลจุฬาภรณ์400เตียง,400B01-F5,โรงพยาบาล 400B - ชั้น 5,,,,,,,,,,CRA,,,,Nattapon,23-06-24,,0,-
2563,DELIGHT,DLEM-209L2ATRT,400B01-EE-EML-5.FL-0008,,,22032203014,,Emergency Light,,,,,,,,,Emergency Light FL5 No.8,,ห้องเก็บผ้าปูเตียง - ชั้น 5B,In Use,,,23-06-24,,0,0,0,0,0,1,0,0,0,,,,,undefine,,1,โรงพยาบาลจุฬาภรณ์400เตียง,400B01-F5,โรงพยาบาล 400B - ชั้น 5,,,,,,,,,,CRA,,,,Nattapon,23-06-24,,0,-
2564,DELIGHT,DLEM-209L2ATRT,400B01-EE-EML-5.FL-0009,,,25032203027,,Emergency Light,,,,,,,,,Emergency Light FL5 No.9,,ห้องไฟฟ้าสื่อสารชั้น 5B - ชั้น 5B,In Use,,,23-06-24,,0,0,0,0,0,1,0,0,0,,,,,undefine,,1,โรงพยาบาลจุฬาภรณ์400เตียง,400B01-F5,โรงพยาบาล 400B - ชั้น 5,,,,,,,,,,CRA,,,,Nattapon,23-06-24,,0,-
2565,DELIGHT,DLEM-209L2ATRT,400B01-EE-EML-5.FL-0010,,,22032201,,Emergency Light,,,,,,,,,Emergency Light FL5 No.10,,ห้อง M&E 5B หน้า Bed Lift - ชั้น 5B,In Use,,,23-06-24,,0,0,0,0,0,1,0,0,0,,,,,undefine,,1,โรงพยาบาลจุฬาภรณ์400เตียง,400B01-F5,โรงพยาบาล 400B - ชั้น 5,,,,,,,,,,CRA,,,,Nattapon,23-06-24,,0,-
2566,DELIGHT,DLEM-209L2ATRT,400B01-EE-EML-5.FL-0011,,,18032201,,Emergency Light,,,,,,,,,Emergency Light FL5 No.11,,ห้องไฟฟ้ากำลัง Shaft 5B - ชั้น 5B,In Use,,,23-06-24,,0,0,0,0,0,1,0,0,0,,,,,undefine,,1,โรงพยาบาลจุฬาภรณ์400เตียง,400B01-F5,โรงพยาบาล 400B - ชั้น 5,,,,,,,,,,CRA,,,,Nattapon,23-06-24,,0,-
2567,DELIGHT,DLEM-209L2ATRT,400B01-EE-EML-8.FL-0001,,,18032201,,Emergency Light,,,,,,,,,Emergency Light FL8 No.1,,"ห้อง AHU 8B ฝั่งศูนย์ราชการ (Zone1,2) - ชั้น 8B",In Use,,,23-06-24,,0,0,0,0,0,1,0,0,0,,,,,undefine,,1,โรงพยาบาลจุฬาภรณ์400เตียง,400B01-F8,โรงพยาบาล 400B - ชั้น 8,,,,,,,,,,CRA,,,,Nattapon,23-06-24,,0,-
2568,DELIGHT,DLEM-209L2ATRT,400B01-EE-EML-8.FL-0002,,,18032201,,Emergency Light,,,,,,,,,Emergency Light FL8 No.2,,"ห้อง AHU 8B ฝั่งอาคาร วท. (Zone3,4) - ชั้น 8B",In Use,,,23-06-24,,0,0,0,0,0,1,0,0,0,,,,,undefine,,1,โรงพยาบาลจุฬาภรณ์400เตียง,400B01-F8,โรงพยาบาล 400B - ชั้น 8,,,,,,,,,,CRA,,,,Nattapon,23-06-24,,0,-
2569,DELIGHT,DLEM-209L2ATRT,400B01-EE-EML-8.FL-0003,,,18032201,,Emergency Light,,,,,,,,,Emergency Light FL8 No.3,,ห้องไฟฟ้าสื่อสาร Shaft 8B - ชั้น 8B,In Use,,,23-06-24,,0,0,0,0,0,1,0,0,0,,,,,undefine,,1,โรงพยาบาลจุฬาภรณ์400เตียง,400B01-F8,โรงพยาบาล 400B - ชั้น 8,,,,,,,,,,CRA,,,,Nattapon,23-06-24,,0,-
2570,DELIGHT,DLEM-209L2ATRT,400B01-EE-EML-8.FL-0004,,,23032203098,,Emergency Light,,,,,,,,,Emergency Light FL8 No.4,,ห้องไฟฟ้ากำลัง Shaft 8B - ชั้น 8B,In Use,,,23-06-24,,0,0,0,0,0,1,0,0,0,,,,,undefine,,1,โรงพยาบาลจุฬาภรณ์400เตียง,400B01-F8,โรงพยาบาล 400B - ชั้น 8,,,,,,,,,,CRA,,,,Nattapon,23-06-24,,0,-
2571,DELIGHT,DLEM-209L2ATRT,400B01-EE-EML-8.FL-0005,,,24032203027,,Emergency Light,,,,,,,,,Emergency Light FL8 No.5,,ห้อง M&E 8B หน้า Bed Lift - ชั้น 8B,In Use,,,23-06-24,,0,0,0,0,0,1,0,0,0,,,,,undefine,,1,โรงพยาบาลจุฬาภรณ์400เตียง,400B01-F8,โรงพยาบาล 400B - ชั้น 8,,,,,,,,,,CRA,,,,Nattapon,23-06-24,,0,-
2572,DELIGHT,DLEM-209L2ATRT,400B01-EE-EML-B1.FL-0001,,,18032201,,Emergency Light,,,,,,,,,Emergency Light FLB1 No.1,, ห้องไฟฟ้า  - ชั้น B1 A,In Use,,,23-06-24,,0,0,0,0,0,1,0,0,0,,,,,undefine,,1,โรงพยาบาลจุฬาภรณ์400เตียง,400B01-FB1,โรงพยาบาล 400B - ชั้น B1,,,,,,,,,,CRA,,,,Nattapon,23-06-24,,0,-
2573,DELIGHT,DLEM-209L2ATRT,400B01-EE-EML-B1.FL-0002,,,18032201,,Emergency Light,,,,,,,,,Emergency Light FLB1 No.2,, ห้องสื่อสาร  - ชั้น B1 A,In Use,,,23-06-24,,0,0,0,0,0,1,0,0,0,,,,,undefine,,1,โรงพยาบาลจุฬาภรณ์400เตียง,400B01-FB1,โรงพยาบาล 400B - ชั้น B1,,,,,,,,,,CRA,,,,Nattapon,23-06-24,,0,-
2574,DELIGHT,DLEM-209L2ATRT,400B01-EE-EML-B1.FL-0003,,,18032201,,Emergency Light,,,,,,,,,Emergency Light FLB1 No.3,, ห้องเก็บศพ  - ชั้น B1 A,In Use,,,23-06-24,,0,0,0,0,0,1,0,0,0,,,,,undefine,,1,โรงพยาบาลจุฬาภรณ์400เตียง,400B01-FB1,โรงพยาบาล 400B - ชั้น B1,,,,,,,,,,CRA,,,,Nattapon,23-06-24,,0,-
2575,DELIGHT,DLEM-209L2ATRT,400B01-EE-EML-B1.FL-0004,,,18032201,,Emergency Light,,,,,,,,,Emergency Light FLB1 No.4,,ห้องแต่งกาย  - ชั้น B1 A,In Use,,,23-06-24,,0,0,0,0,0,1,0,0,0,,,,,undefine,,1,โรงพยาบาลจุฬาภรณ์400เตียง,400B01-FB1,โรงพยาบาล 400B - ชั้น B1,,,,,,,,,,CRA,,,,Nattapon,23-06-24,,0,-
2576,DELIGHT,DLEM-209L2ATRT,400B01-EE-EML-B1.FL-0005,,,18032201,,Emergency Light,,,,,,,,,Emergency Light FLB1 No.5,,ห้องพิธีกรรม - ชั้น B1 A,In Use,,,23-06-24,,0,0,0,0,0,1,0,0,0,,,,,undefine,,1,โรงพยาบาลจุฬาภรณ์400เตียง,400B01-FB1,โรงพยาบาล 400B - ชั้น B1,,,,,,,,,,CRA,,,,Nattapon,23-06-24,,0,-
2577,DELIGHT,DLEM-209L2ATRT,400B01-EE-EML-B1.FL-0006,,,21032201,,Emergency Light,,,,,,,,,Emergency Light FLB1 No.6,,ห้องพักคอยญาติ - ชั้น B1 A,In Use,,,23-06-24,,0,0,0,0,0,1,0,0,0,,,,,undefine,,1,โรงพยาบาลจุฬาภรณ์400เตียง,400B01-FB1,โรงพยาบาล 400B - ชั้น B1,,,,,,,,,,CRA,,,,Nattapon,23-06-24,,0,-
2578,DELIGHT,DLEM-209L2ATRT,400B01-EE-EML-B1.FL-0007,,,18032201,,Emergency Light,,,,,,,,,Emergency Light FLB1 No.7,,หน้าทางเข้าห้องสำนักงาน - ชั้น B1 A,In Use,,,23-06-24,,0,0,0,0,0,1,0,0,0,,,,,undefine,,1,โรงพยาบาลจุฬาภรณ์400เตียง,400B01-FB1,โรงพยาบาล 400B - ชั้น B1,,,,,,,,,,CRA,,,,Nattapon,23-06-24,,0,-
2579,DELIGHT,DLEM-209L2ATRT,400B01-EE-EML-B1.FL-0008,,,24032203193,,Emergency Light,,,,,,,,,Emergency Light FLB1 No.8,,ลานจอดรถ เสา A5 - ชั้น B1 A,In Use,,,23-06-24,,0,0,0,0,0,1,0,0,0,,,,,undefine,,1,โรงพยาบาลจุฬาภรณ์400เตียง,400B01-FB1,โรงพยาบาล 400B - ชั้น B1,,,,,,,,,,CRA,,,,Nattapon,23-06-24,,0,-
2580,DELIGHT,DLEM-209L2ATRT,400B01-EE-EML-B1.FL-0009,,,18032201,,Emergency Light,,,,,,,,,Emergency Light FLB1 No.9,,ลานจอดรถ เสา C17 - ชั้น B1 A,In Use,,,23-06-24,,0,0,0,0,0,1,0,0,0,,,,,undefine,,1,โรงพยาบาลจุฬาภรณ์400เตียง,400B01-FB1,โรงพยาบาล 400B - ชั้น B1,,,,,,,,,,CRA,,,,Nattapon,23-06-24,,0,-
2581,DELIGHT,DLEM-209L2ATRT,400B01-EE-EML-B1.FL-0010,,,24032202113,,Emergency Light,,,,,,,,,Emergency Light FLB1 No.10,,ลานจอดรถ เสา A17 - ชั้น B1 A,In Use,,,23-06-24,,0,0,0,0,0,1,0,0,0,,,,,undefine,,1,โรงพยาบาลจุฬาภรณ์400เตียง,400B01-FB1,โรงพยาบาล 400B - ชั้น B1,,,,,,,,,,CRA,,,,Nattapon,23-06-24,,0,-
2582,DELIGHT,DLEM-209L2ATRT,400B01-EE-EML-B1.FL-0011,,,18032201,,Emergency Light,,,,,,,,,Emergency Light FLB1 No.11,,ลานจอดรถ เสา A21 - ชั้น B1 A,In Use,,,23-06-24,,0,0,0,0,0,1,0,0,0,,,,,undefine,,1,โรงพยาบาลจุฬาภรณ์400เตียง,400B01-FB1,โรงพยาบาล 400B - ชั้น B1,,,,,,,,,,CRA,,,,Nattapon,23-06-24,,0,-
2583,DELIGHT,DLEM-209L2ATRT,400B01-EE-EML-B1.FL-0012,,,18032201,,Emergency Light,,,,,,,,,Emergency Light FLB1 No.12,,ลานจอดรถ เสา C20 - ชั้น B1 A,In Use,,,23-06-24,,0,0,0,0,0,1,0,0,0,,,,,undefine,,1,โรงพยาบาลจุฬาภรณ์400เตียง,400B01-FB1,โรงพยาบาล 400B - ชั้น B1,,,,,,,,,,CRA,,,,Nattapon,23-06-24,,0,-
2584,DELIGHT,DLEM-209L2ATRT,400B01-EE-EML-B1.FL-0013,,,18032201,,Emergency Light,,,,,,,,,Emergency Light FLB1 No.13,,ลานจอดรถ เสา D21 - ชั้น B1 A,In Use,,,23-06-24,,0,0,0,0,0,1,0,0,0,,,,,undefine,,1,โรงพยาบาลจุฬาภรณ์400เตียง,400B01-FB1,โรงพยาบาล 400B - ชั้น B1,,,,,,,,,,CRA,,,,Nattapon,23-06-24,,0,-
2585,DELIGHT,DLEM-209L2ATRT,400B01-EE-EML-B1.FL-0014,,,18032201,,Emergency Light,,,,,,,,,Emergency Light FLB1 No.14,,ลานจอดรถ เสา E19 - ชั้น B1 A,In Use,,,23-06-24,,0,0,0,0,0,1,0,0,0,,,,,undefine,,1,โรงพยาบาลจุฬาภรณ์400เตียง,400B01-FB1,โรงพยาบาล 400B - ชั้น B1,,,,,,,,,,CRA,,,,Nattapon,23-06-24,,0,-
2586,DELIGHT,DLEM-209L2ATRT,400B01-EE-EML-B1.FL-0015,,,18032201,,Emergency Light,,,,,,,,,Emergency Light FLB1 No.15,,ลานจอดรถ เสา E16 - ชั้น B1 A,In Use,,,23-06-24,,0,0,0,0,0,1,0,0,0,,,,,undefine,,1,โรงพยาบาลจุฬาภรณ์400เตียง,400B01-FB1,โรงพยาบาล 400B - ชั้น B1,,,,,,,,,,CRA,,,,Nattapon,23-06-24,,0,-
2587,DELIGHT,DLEM-209L2ATRT,400B01-EE-EML-B1.FL-0016,,,23032203085,,Emergency Light,,,,,,,,,Emergency Light FLB1 No.16,,ลานจอดรถ เสา F13 - ชั้น B1 A,In Use,,,23-06-24,,0,0,0,0,0,1,0,0,0,,,,,undefine,,1,โรงพยาบาลจุฬาภรณ์400เตียง,400B01-FB1,โรงพยาบาล 400B - ชั้น B1,,,,,,,,,,CRA,,,,Nattapon,23-06-24,,0,-
2588,DELIGHT,DLEM-209L2ATRT,400B01-EE-EML-B1.FL-0017,,,23032203097,,Emergency Light,,,,,,,,,Emergency Light FLB1 No.17,,ลานจอดรถ เสา F11 - ชั้น B1 A,In Use,,,23-06-24,,0,0,0,0,0,1,0,0,0,,,,,undefine,,1,โรงพยาบาลจุฬาภรณ์400เตียง,400B01-FB1,โรงพยาบาล 400B - ชั้น B1,,,,,,,,,,CRA,,,,Nattapon,23-06-24,,0,-
2589,DELIGHT,DLEM-209L2ATRT,400B01-EE-EML-B1.FL-0018,,,22092201,,Emergency Light,,,,,,,,,Emergency Light FLB1 No.18,,ฝั่งเสา F8 ห้องน้ำคนพิการ - ชั้น B1 A,In Use,,,23-06-24,,0,0,0,0,0,1,0,0,0,,,,,undefine,,1,โรงพยาบาลจุฬาภรณ์400เตียง,400B01-FB1,โรงพยาบาล 400B - ชั้น B1,,,,,,,,,,CRA,,,,Nattapon,23-06-24,,0,-
2590,DELIGHT,DLEM-209L2ATRT,400B01-EE-EML-B1.FL-0019,,,22032203026,,Emergency Light,,,,,,,,,Emergency Light FLB1 No.19,,ฝั่งเสา F8 ห้องน้ำชาย - ชั้น B1 A,In Use,,,23-06-24,,0,0,0,0,0,1,0,0,0,,,,,undefine,,1,โรงพยาบาลจุฬาภรณ์400เตียง,400B01-FB1,โรงพยาบาล 400B - ชั้น B1,,,,,,,,,,CRA,,,,Nattapon,23-06-24,,0,-
2591,DELIGHT,DLEM-209L2ATRT,400B01-EE-EML-B1.FL-0020,,,21032201,,Emergency Light,,,,,,,,,Emergency Light FLB1 No.20,,ลานจอดรถ เสา F8 - ชั้น B1 A,In Use,,,23-06-24,,0,0,0,0,0,1,0,0,0,,,,,undefine,,1,โรงพยาบาลจุฬาภรณ์400เตียง,400B01-FB1,โรงพยาบาล 400B - ชั้น B1,,,,,,,,,,CRA,,,,Nattapon,23-06-24,,0,-
2592,DELIGHT,DLEM-209L2ATRT,400B01-EE-EML-B1.FL-0021,,,22032203048,,Emergency Light,,,,,,,,,Emergency Light FLB1 No.21,,ลานจอดรถ เสา E6 - ชั้น B1 A,In Use,,,23-06-24,,0,0,0,0,0,1,0,0,0,,,,,undefine,,1,โรงพยาบาลจุฬาภรณ์400เตียง,400B01-FB1,โรงพยาบาล 400B - ชั้น B1,,,,,,,,,,CRA,,,,Nattapon,23-06-24,,0,-
2593,DELIGHT,DLEM-209L2ATRT,400B01-EE-EML-B1.FL-0022,,,23032203001,,Emergency Light,,,,,,,,,Emergency Light FLB1 No.22,,ลานจอดรถ เสา C6 - ชั้น B1 A,In Use,,,23-06-24,,0,0,0,0,0,1,0,0,0,,,,,undefine,,1,โรงพยาบาลจุฬาภรณ์400เตียง,400B01-FB1,โรงพยาบาล 400B - ชั้น B1,,,,,,,,,,CRA,,,,Nattapon,23-06-24,,0,-
2594,DELIGHT,DLEM-209L2ATRT,400B01-EE-EML-B1.FL-0023,,,21032201,,Emergency Light,,,,,,,,,Emergency Light FLB1 No.23,,ลานจอดรถ เสา A5 - ชั้น B1 A,In Use,,,23-06-24,,0,0,0,0,0,1,0,0,0,,,,,undefine,,1,โรงพยาบาลจุฬาภรณ์400เตียง,400B01-FB1,โรงพยาบาล 400B - ชั้น B1,,,,,,,,,,CRA,,,,Nattapon,23-06-24,,0,-
2595,DELIGHT,DLEM-209L2ATRT,400B01-EE-EML-B1.FL-0024,,,25032203059,,Emergency Light,,,,,,,,,Emergency Light FLB1 No.24,,ลานจอดรถ เสา A8 - ชั้น B1 A,In Use,,,23-06-24,,0,0,0,0,0,1,0,0,0,,,,,undefine,,1,โรงพยาบาลจุฬาภรณ์400เตียง,400B01-FB1,โรงพยาบาล 400B - ชั้น B1,,,,,,,,,,CRA,,,,Nattapon,23-06-24,,0,-
2596,DELIGHT,DLEM-209L2ATRT,400B01-EE-EML-B1.FL-0025,,,22032203013,,Emergency Light,,,,,,,,,Emergency Light FLB1 No.25,,ลาจจอดรถ เสา B9 - ชั้น B1 A,In Use,,,23-06-24,,0,0,0,0,0,1,0,0,0,,,,,undefine,,1,โรงพยาบาลจุฬาภรณ์400เตียง,400B01-FB1,โรงพยาบาล 400B - ชั้น B1,,,,,,,,,,CRA,,,,Nattapon,23-06-24,,0,-
2597,DELIGHT,DLEM-209L2ATRT,400B01-EE-EML-B1.FL-0026,,,24032203143,,Emergency Light,,,,,,,,,Emergency Light FLB1 No.26,,ลานจอดรถ เสา D9 - ชั้น B1 A,In Use,,,23-06-24,,0,0,0,0,0,1,0,0,0,,,,,undefine,,1,โรงพยาบาลจุฬาภรณ์400เตียง,400B01-FB1,โรงพยาบาล 400B - ชั้น B1,,,,,,,,,,CRA,,,,Nattapon,23-06-24,,0,-
2598,DELIGHT,DLEM-209L2ATRT,400B01-EE-EML-B1.FL-0027,,,24032203048,,Emergency Light,,,,,,,,,Emergency Light FLB1 No.27,,ห้องไฟฟ้า - ชั้น B1 B,In Use,,,23-06-24,,0,0,0,0,0,1,0,0,0,,,,,undefine,,1,โรงพยาบาลจุฬาภรณ์400เตียง,400B01-FB1,โรงพยาบาล 400B - ชั้น B1,,,,,,,,,,CRA,,,,Nattapon,23-06-24,,0,-
2599,DELIGHT,DLEM-209L2ATRT,400B01-EE-EML-B1.FL-0028,,,23032203028,,Emergency Light,,,,,,,,,Emergency Light FLB1 No.28,,ห้องสื่อสาร - ชั้น B1 B,In Use,,,23-06-24,,0,0,0,0,0,1,0,0,0,,,,,undefine,,1,โรงพยาบาลจุฬาภรณ์400เตียง,400B01-FB1,โรงพยาบาล 400B - ชั้น B1,,,,,,,,,,CRA,,,,Nattapon,23-06-24,,0,-
2600,DELIGHT,DLEM-209L2ATRT,400B01-EE-EML-B1.FL-0029,,,21032201,,Emergency Light,,,,,,,,,Emergency Light FLB1 No.29,,ลานจอดรถ เสา P2 - ชั้น B1 B,In Use,,,23-06-24,,0,0,0,0,0,1,0,0,0,,,,,undefine,,1,โรงพยาบาลจุฬาภรณ์400เตียง,400B01-FB1,โรงพยาบาล 400B - ชั้น B1,,,,,,,,,,CRA,,,,Nattapon,23-06-24,,0,-
2601,DELIGHT,DLEM-209L2ATRT,400B01-EE-EML-B1.FL-0030,,,18032201,,Emergency Light,,,,,,,,,Emergency Light FLB1 No.30,,ลานจอดรถ เสา P4 - ชั้น B1 B,In Use,,,23-06-24,,0,0,0,0,0,1,0,0,0,,,,,undefine,,1,โรงพยาบาลจุฬาภรณ์400เตียง,400B01-FB1,โรงพยาบาล 400B - ชั้น B1,,,,,,,,,,CRA,,,,Nattapon,23-06-24,,0,-
2602,DELIGHT,DLEM-209L2ATRT,400B01-EE-EML-B1.FL-0031,,,18032201,,Emergency Light,,,,,,,,,Emergency Light FLB1 No.31,,ลานจอดรถ หน้าเสา N6 - ชั้น B1 B,In Use,,,23-06-24,,0,0,0,0,0,1,0,0,0,,,,,undefine,,1,โรงพยาบาลจุฬาภรณ์400เตียง,400B01-FB1,โรงพยาบาล 400B - ชั้น B1,,,,,,,,,,CRA,,,,Nattapon,23-06-24,,0,-
2603,DELIGHT,DLEM-209L2ATRT,400B01-EE-EML-B1.FL-0032,,,24032203114,,Emergency Light,,,,,,,,,Emergency Light FLB1 No.32,,ลานจอดรถ เสา R4 - ชั้น B1 B,In Use,,,23-06-24,,0,0,0,0,0,1,0,0,0,,,,,undefine,,1,โรงพยาบาลจุฬาภรณ์400เตียง,400B01-FB1,โรงพยาบาล 400B - ชั้น B1,,,,,,,,,,CRA,,,,Nattapon,23-06-24,,0,-
2604,DELIGHT,DLEM-209L2ATRT,400B01-EE-EML-B1.FL-0033,,,21032201,,Emergency Light,,,,,,,,,Emergency Light FLB1 No.33,,ลานจอดรถ เสา R2 - ชั้น B1 B,In Use,,,23-06-24,,0,0,0,0,0,1,0,0,0,,,,,undefine,,1,โรงพยาบาลจุฬาภรณ์400เตียง,400B01-FB1,โรงพยาบาล 400B - ชั้น B1,,,,,,,,,,CRA,,,,Nattapon,23-06-24,,0,-
2605,DELIGHT,DLEM-209L2ATRT,400B01-EE-EML-B1.FL-0034,,,25032203008,,Emergency Light,,,,,,,,,Emergency Light FLB1 No.34,,หน้าตู้ FHC-B1-02 - ชั้น B1 B,In Use,,,23-06-24,,0,0,0,0,0,1,0,0,0,,,,,undefine,,1,โรงพยาบาลจุฬาภรณ์400เตียง,400B01-FB1,โรงพยาบาล 400B - ชั้น B1,,,,,,,,,,CRA,,,,Nattapon,23-06-24,,0,-
2606,DELIGHT,DLEM-209L2ATRT,400B01-EE-EML-B1.FL-0035,,,23032203049,,Emergency Light,,,,,,,,,Emergency Light FLB1 No.35,,ลานจอดรถ หน้าเสา  N1 - ชั้น B1 B,In Use,,,23-06-24,,0,0,0,0,0,1,0,0,0,,,,,undefine,,1,โรงพยาบาลจุฬาภรณ์400เตียง,400B01-FB1,โรงพยาบาล 400B - ชั้น B1,,,,,,,,,,CRA,,,,Nattapon,23-06-24,,0,-
2607,DELIGHT,DLEM-209L2ATRT,400B01-EE-EML-B1.FL-0036,,,22092201,,Emergency Light,,,,,,,,,Emergency Light FLB1 No.36,,ลานจอดรถ เสา M3 - ชั้น B1 B,In Use,,,23-06-24,,0,0,0,0,0,1,0,0,0,,,,,undefine,,1,โรงพยาบาลจุฬาภรณ์400เตียง,400B01-FB1,โรงพยาบาล 400B - ชั้น B1,,,,,,,,,,CRA,,,,Nattapon,23-06-24,,0,-
2608,DELIGHT,DLEM-209L2ATRT,400B01-EE-EML-B1.FL-0037,,,25032203001,,Emergency Light,,,,,,,,,Emergency Light FLB1 No.37,,ลานจอดรถ เสา M5 - ชั้น B1 B,In Use,,,23-06-24,,0,0,0,0,0,1,0,0,0,,,,,undefine,,1,โรงพยาบาลจุฬาภรณ์400เตียง,400B01-FB1,โรงพยาบาล 400B - ชั้น B1,,,,,,,,,,CRA,,,,Nattapon,23-06-24,,0,-
2609,DELIGHT,DLEM-209L2ATRT,400B01-EE-EML-B1.FL-0038,,,25032203025,,Emergency Light,,,,,,,,,Emergency Light FLB1 No.38,,ลานจอดรถ เสา H5 - ชั้น B1 B,In Use,,,23-06-24,,0,0,0,0,0,1,0,0,0,,,,,undefine,,1,โรงพยาบาลจุฬาภรณ์400เตียง,400B01-FB1,โรงพยาบาล 400B - ชั้น B1,,,,,,,,,,CRA,,,,Nattapon,23-06-24,,0,-
2610,DELIGHT,DLEM-209L2ATRT,400B01-EE-EML-B1.FL-0039,,,22032203075,,Emergency Light,,,,,,,,,Emergency Light FLB1 No.39,,ลานจอดรถ หน้า เสา N14  - ชั้น B1 B,In Use,,,23-06-24,,0,0,0,0,0,1,0,0,0,,,,,undefine,,1,โรงพยาบาลจุฬาภรณ์400เตียง,400B01-FB1,โรงพยาบาล 400B - ชั้น B1,,,,,,,,,,CRA,,,,Nattapon,23-06-24,,0,-
2611,DELIGHT,DLEM-209L2ATRT,400B01-EE-EML-B1.FL-0040,,,22032203051,,Emergency Light,,,,,,,,,Emergency Light FLB1 No.40,,ลานจอดรถ หน้า Lamp ทางขึ้น B2 - ชั้น B1 B,In Use,,,23-06-24,,0,0,0,0,0,1,0,0,0,,,,,undefine,,1,โรงพยาบาลจุฬาภรณ์400เตียง,400B01-FB1,โรงพยาบาล 400B - ชั้น B1,,,,,,,,,,CRA,,,,Nattapon,23-06-24,,0,-
2612,DELIGHT,DLEM-209L2ATRT,400B01-EE-EML-B1.FL-0041,,,22032203053,,Emergency Light,,,,,,,,,Emergency Light FLB1 No.41,,ลานจอดรถ เสา N19 - ชั้น B1 B,In Use,,,23-06-24,,0,0,0,0,0,1,0,0,0,,,,,undefine,,1,โรงพยาบาลจุฬาภรณ์400เตียง,400B01-FB1,โรงพยาบาล 400B - ชั้น B1,,,,,,,,,,CRA,,,,Nattapon,23-06-24,,0,-
2613,DELIGHT,DLEM-209L2ATRT,400B01-EE-EML-B1.FL-0042,,,22032203076,,Emergency Light,,,,,,,,,Emergency Light FLB1 No.42,,ลานจอดรถ เสา N21 - ชั้น B1 B,In Use,,,23-06-24,,0,0,0,0,0,1,0,0,0,,,,,undefine,,1,โรงพยาบาลจุฬาภรณ์400เตียง,400B01-FB1,โรงพยาบาล 400B - ชั้น B1,,,,,,,,,,CRA,,,,Nattapon,23-06-24,,0,-
2614,DELIGHT,DLEM-209L2ATRT,400B01-EE-EML-B1.FL-0043,,,22032203088,,Emergency Light,,,,,,,,,Emergency Light FLB1 No.43,,ลานจอดรถ เสา Q22 - ชั้น B1 B,In Use,,,23-06-24,,0,0,0,0,0,1,0,0,0,,,,,undefine,,1,โรงพยาบาลจุฬาภรณ์400เตียง,400B01-FB1,โรงพยาบาล 400B - ชั้น B1,,,,,,,,,,CRA,,,,Nattapon,23-06-24,,0,-
2615,DELIGHT,DLEM-209L2ATRT,400B01-EE-EML-B1.FL-0044,,,22032203089,,Emergency Light,,,,,,,,,Emergency Light FLB1 No.44,,ลานจอดรถ เสา Q20 - ชั้น B1 B,In Use,,,23-06-24,,0,0,0,0,0,1,0,0,0,,,,,undefine,,1,โรงพยาบาลจุฬาภรณ์400เตียง,400B01-FB1,โรงพยาบาล 400B - ชั้น B1,,,,,,,,,,CRA,,,,Nattapon,23-06-24,,0,-
2616,DELIGHT,DLEM-209L2ATRT,400B01-EE-EML-B1.FL-0045,,,22032203030,,Emergency Light,,,,,,,,,Emergency Light FLB1 No.45,,ลานจอดรถ เสา Q19 - ชั้น B1 B,In Use,,,23-06-24,,0,0,0,0,0,1,0,0,0,,,,,undefine,,1,โรงพยาบาลจุฬาภรณ์400เตียง,400B01-FB1,โรงพยาบาล 400B - ชั้น B1,,,,,,,,,,CRA,,,,Nattapon,23-06-24,,0,-
2617,DELIGHT,DLEM-209L2ATRT,400B01-EE-EML-B1.FL-0046,,,22032203047,,Emergency Light,,,,,,,,,Emergency Light FLB1 No.46,,หน้าตู้ ไฟ 01-B1ESP2B - ชั้น B1 B,In Use,,,23-06-24,,0,0,0,0,0,1,0,0,0,,,,,undefine,,1,โรงพยาบาลจุฬาภรณ์400เตียง,400B01-FB1,โรงพยาบาล 400B - ชั้น B1,,,,,,,,,,CRA,,,,Nattapon,23-06-24,,0,-
2618,DELIGHT,DLEM-209L2ATRT,400B01-EE-EML-B1.FL-0047,,,25032203044,,Emergency Light,,,,,,,,,Emergency Light FLB1 No.47,,ทางเดิน เสา K14 - ชั้น B1 B,In Use,,,23-06-24,,0,0,0,0,0,1,0,0,0,,,,,undefine,,1,โรงพยาบาลจุฬาภรณ์400เตียง,400B01-FB1,โรงพยาบาล 400B - ชั้น B1,,,,,,,,,,CRA,,,,Nattapon,23-06-24,,0,-
2619,DELIGHT,DLEM-209L2ATRT,400B01-EE-EML-B1.FL-0048,,,21032201,,Emergency Light,,,,,,,,,Emergency Light FLB1 No.48,,หน้าตู้ FHC-B1-05 - ชั้น B1 B,In Use,,,23-06-24,,0,0,0,0,0,1,0,0,0,,,,,undefine,,1,โรงพยาบาลจุฬาภรณ์400เตียง,400B01-FB1,โรงพยาบาล 400B - ชั้น B1,,,,,,,,,,CRA,,,,Nattapon,23-06-24,,0,-
2620,DELIGHT,DLEM-209L2ATRT,400B01-EE-EML-B1.FL-0049,,,21032201,,Emergency Light,,,,,,,,,Emergency Light FLB1 No.49,,ทางเดินหน้าห้องไฟฟ้า - ชั้น B1 B,In Use,,,23-06-24,,0,0,0,0,0,1,0,0,0,,,,,undefine,,1,โรงพยาบาลจุฬาภรณ์400เตียง,400B01-FB1,โรงพยาบาล 400B - ชั้น B1,,,,,,,,,,CRA,,,,Nattapon,23-06-24,,0,-
2621,DELIGHT,DLEM-209L2ATRT,400B01-EE-EML-B1.FL-0050,,,21032201,,Emergency Light,,,,,,,,,Emergency Light FLB1 No.50,,หน้าห้องลิฟต์บริการ สำหรับขนส่งของ - ชั้น B1 B,In Use,,,23-06-24,,0,0,0,0,0,1,0,0,0,,,,,undefine,,1,โรงพยาบาลจุฬาภรณ์400เตียง,400B01-FB1,โรงพยาบาล 400B - ชั้น B1,,,,,,,,,,CRA,,,,Nattapon,23-06-24,,0,-
2364,DELIGHT,DLEM-209L2ATRT,400B01-EE-EML-ST1-0001,,,22032201,,Emergency Light,,,,,,,,,Emergency Light ST1 No.1,,ST1 (บันไดกลาง Zone B) FL12 ลง FL11,In Use,,,14-06-24,,0,0,0,0,0,1,0,0,0,,,,,undefine,,1,โรงพยาบาลจุฬาภรณ์400เตียง,400B01-ST1,โรงพยาบาล 400B - บันไดหนีไฟ1,,,,,,,,,,CRA,,,,arthonye,23-06-24,,0,-
2365,DELIGHT,DLEM-209L2ATRT,400B01-EE-EML-ST1-0002,,,22032201,,Emergency Light,,,,,,,,,Emergency Light ST1 No.2,,ST1 (บันไดกลาง Zone B) FL11 ลง 10,In Use,,,14-06-24,,0,0,0,0,0,1,0,0,0,,,,,undefine,,1,โรงพยาบาลจุฬาภรณ์400เตียง,400B01-ST1,โรงพยาบาล 400B - บันไดหนีไฟ1,,,,,,,,,,CRA,,,,arthonye,23-06-24,,0,-
2366,DELIGHT,DLEM-209L2ATRT,400B01-EE-EML-ST1-0003,,,24032203186,,Emergency Light,,,,,,,,,Emergency Light ST1 No.3,,ST1 (บันไดกลาง Zone B) FL10 ลง 9,In Use,,,14-06-24,,0,0,0,0,0,1,0,0,0,,,,,undefine,,1,โรงพยาบาลจุฬาภรณ์400เตียง,400B01-ST1,โรงพยาบาล 400B - บันไดหนีไฟ1,,,,,,,,,,CRA,,,,arthonye,23-06-24,,0,-
2367,DELIGHT,DLEM-209L2ATRT,400B01-EE-EML-ST1-0004,,,,,Emergency Light,,,,,,,,,Emergency Light ST1 No.4,,ST1 (บันไดกลาง Zone B) FL9 ลง 8,In Use,,,14-06-24,,0,0,0,0,0,1,0,0,0,,,,,undefine,,1,โรงพยาบาลจุฬาภรณ์400เตียง,400B01-ST1,โรงพยาบาล 400B - บันไดหนีไฟ1,,,,,,,,,,CRA,,,,arthonye,23-06-24,,0,-
2368,DELIGHT,DLEM-209L2ATRT,400B01-EE-EML-ST1-0005,,,22032201,,Emergency Light,,,,,,,,,Emergency Light ST1 No.5,,ST1 (บันไดกลาง Zone B) FL8 ลง 7M,In Use,,,14-06-24,,0,0,0,0,0,1,0,0,0,,,,,undefine,,1,โรงพยาบาลจุฬาภรณ์400เตียง,400B01-ST1,โรงพยาบาล 400B - บันไดหนีไฟ1,,,,,,,,,,CRA,,,,arthonye,23-06-24,,0,-
2369,DELIGHT,DLEM-209L2ATRT,400B01-EE-EML-ST1-0006,,,24032203154,,Emergency Light,,,,,,,,,Emergency Light ST1 No.6,,ST1 (บันไดกลาง Zone B) FL8 ลง 7M,In Use,,,14-06-24,,0,0,0,0,0,1,0,0,0,,,,,undefine,,1,โรงพยาบาลจุฬาภรณ์400เตียง,400B01-ST1,โรงพยาบาล 400B - บันไดหนีไฟ1,,,,,,,,,,CRA,,,,arthonye,23-06-24,,0,-
2370,DELIGHT,DLEM-209L2ATRT,400B01-EE-EML-ST1-0007,,,22032201,,Emergency Light,,,,,,,,,Emergency Light ST1 No.7,,ST1 (บันไดกลาง Zone B) FL7M ลง 6,In Use,,,14-06-24,,0,0,0,0,0,1,0,0,0,,,,,undefine,,1,โรงพยาบาลจุฬาภรณ์400เตียง,400B01-ST1,โรงพยาบาล 400B - บันไดหนีไฟ1,,,,,,,,,,CRA,,,,arthonye,23-06-24,,0,-
2371,DELIGHT,DLEM-209L2ATRT,400B01-EE-EML-ST1-0008,,,22032201,,Emergency Light,,,,,,,,,Emergency Light ST1 No.8,,ST1 (บันไดกลาง Zone B) FL6 ลง 5,In Use,,,14-06-24,,0,0,0,0,0,1,0,0,0,,,,,undefine,,1,โรงพยาบาลจุฬาภรณ์400เตียง,400B01-ST1,โรงพยาบาล 400B - บันไดหนีไฟ1,,,,,,,,,,CRA,,,,arthonye,23-06-24,,0,-
2372,DELIGHT,DLEM-209L2ATRT,400B01-EE-EML-ST1-0009,,,22032201,,Emergency Light,,,,,,,,,Emergency Light ST1 No.9,,ST1 (บันไดกลาง Zone B) FL5 ลง 4,In Use,,,14-06-24,,0,0,0,0,0,1,0,0,0,,,,,undefine,,1,โรงพยาบาลจุฬาภรณ์400เตียง,400B01-ST1,โรงพยาบาล 400B - บันไดหนีไฟ1,,,,,,,,,,CRA,,,,arthonye,23-06-24,,0,-
2373,DELIGHT,DLEM-209L2ATRT,400B01-EE-EML-ST1-0010,,,22032201,,Emergency Light,,,,,,,,,Emergency Light ST1 No.10,,ST1 (บันไดกลาง Zone B) - FL4 ลง 3,In Use,,,14-06-24,,0,0,0,0,0,1,0,0,0,,,,,undefine,,1,โรงพยาบาลจุฬาภรณ์400เตียง,400B01-ST1,โรงพยาบาล 400B - บันไดหนีไฟ1,,,,,,,,,,CRA,,,,arthonye,23-06-24,,0,-
2374,DELIGHT,DLEM-209L2ATRT,400B01-EE-EML-ST1-0011,,,22032201,,Emergency Light,,,,,,,,,Emergency Light ST1 No.11,,ST1 (บันไดกลาง Zone B) - FL3 ลง 2,In Use,,,14-06-24,,0,0,0,0,0,1,0,0,0,,,,,undefine,,1,โรงพยาบาลจุฬาภรณ์400เตียง,400B01-ST1,โรงพยาบาล 400B - บันไดหนีไฟ1,,,,,,,,,,CRA,,,,arthonye,23-06-24,,0,-
2375,DELIGHT,DLEM-209L2ATRT,400B01-EE-EML-ST1-0012,,,24032203004,,Emergency Light,,,,,,,,,Emergency Light ST1 No.12,,ST1 (บันไดกลาง Zone B) - FL2 ลง 1,In Use,,,14-06-24,,0,0,0,0,0,1,0,0,0,,,,,undefine,,1,โรงพยาบาลจุฬาภรณ์400เตียง,400B01-ST1,โรงพยาบาล 400B - บันไดหนีไฟ1,,,,,,,,,,CRA,,,,arthonye,23-06-24,,0,-
2376,DELIGHT,DLEM-209L2ATRT,400B01-EE-EML-ST1-0013,,,24032203050,,Emergency Light,,,,,,,,,Emergency Light ST1 No.13,,ST1 (บันไดกลาง Zone B) - FL1 ลง B1,In Use,,,14-06-24,,0,0,0,0,0,1,0,0,0,,,,,undefine,,1,โรงพยาบาลจุฬาภรณ์400เตียง,400B01-ST1,โรงพยาบาล 400B - บันไดหนีไฟ1,,,,,,,,,,CRA,,,,arthonye,23-06-24,,0,-
2377,DELIGHT,DLEM-209L2ATRT,400B01-EE-EML-ST2-0001,,,24032203170,,Emergency Light,,,,,,,,,Emergency Light ST2 No.1,,ST2 (บันไดฝั่งศูนย์ราชการ Zone B) FL12 ลง FL11,In Use,,,14-06-24,,0,0,0,0,0,1,0,0,0,,,,,undefine,,1,โรงพยาบาลจุฬาภรณ์400เตียง,400B01-ST2,โรงพยาบาล 400B - บันไดหนีไฟ2,,,,,,,,,,CRA,,,,arthonye,23-06-24,,0,-
2378,DELIGHT,DLEM-209L2ATRT,400B01-EE-EML-ST2-0002,,,24032203126,,Emergency Light,,,,,,,,,Emergency Light ST2 No.2,,ST2 (บันไดฝั่งศูนย์ราชการ Zone B) FL11 ลง 10,In Use,,,14-06-24,,0,0,0,0,0,1,0,0,0,,,,,undefine,,1,โรงพยาบาลจุฬาภรณ์400เตียง,400B01-ST2,โรงพยาบาล 400B - บันไดหนีไฟ2,,,,,,,,,,CRA,,,,arthonye,23-06-24,,0,-
2379,DELIGHT,DLEM-209L2ATRT,400B01-EE-EML-ST2-0003,,,22032201,,Emergency Light,,,,,,,,,Emergency Light ST2 No.3,,ST2 (บันไดฝั่งศูนย์ราชการ Zone B) FL10 ลง 9,In Use,,,14-06-24,,0,0,0,0,0,1,0,0,0,,,,,undefine,,1,โรงพยาบาลจุฬาภรณ์400เตียง,400B01-ST2,โรงพยาบาล 400B - บันไดหนีไฟ2,,,,,,,,,,CRA,,,,arthonye,23-06-24,,0,-
2380,DELIGHT,DLEM-209L2ATRT,400B01-EE-EML-ST2-0004,,,22032201,,Emergency Light,,,,,,,,,Emergency Light ST2 No.4,,ST2 (บันไดฝั่งศูนย์ราชการ Zone B) FL9 ลง 8,In Use,,,14-06-24,,0,0,0,0,0,1,0,0,0,,,,,undefine,,1,โรงพยาบาลจุฬาภรณ์400เตียง,400B01-ST2,โรงพยาบาล 400B - บันไดหนีไฟ2,,,,,,,,,,CRA,,,,arthonye,23-06-24,,0,-
2381,DELIGHT,DLEM-209L2ATRT,400B01-EE-EML-ST2-0005,,,22032201,,Emergency Light,,,,,,,,,Emergency Light ST2 No.5,,ST2 (บันไดฝั่งศูนย์ราชการ Zone B) FL8 ลง 7M,In Use,,,14-06-24,,0,0,0,0,0,1,0,0,0,,,,,undefine,,1,โรงพยาบาลจุฬาภรณ์400เตียง,400B01-ST2,โรงพยาบาล 400B - บันไดหนีไฟ2,,,,,,,,,,CRA,,,,arthonye,23-06-24,,0,-
2382,DELIGHT,DLEM-209L2ATRT,400B01-EE-EML-ST2-0006,,,24032203112,,Emergency Light,,,,,,,,,Emergency Light ST2 No.6,,ST2 (บันไดฝั่งศูนย์ราชการ Zone B) FL7M ลง 7,In Use,,,14-06-24,,0,0,0,0,0,1,0,0,0,,,,,undefine,,1,โรงพยาบาลจุฬาภรณ์400เตียง,400B01-ST2,โรงพยาบาล 400B - บันไดหนีไฟ2,,,,,,,,,,CRA,,,,arthonye,23-06-24,,0,-
2383,DELIGHT,DLEM-209L2ATRT,400B01-EE-EML-ST2-0007,,,22032201,,Emergency Light,,,,,,,,,Emergency Light ST2 No.7,,ST2 (บันไดฝั่งศูนย์ราชการ Zone B) FL7 ลง 6,In Use,,,14-06-24,,0,0,0,0,0,1,0,0,0,,,,,undefine,,1,โรงพยาบาลจุฬาภรณ์400เตียง,400B01-ST2,โรงพยาบาล 400B - บันไดหนีไฟ2,,,,,,,,,,CRA,,,,arthonye,23-06-24,,0,-
2384,DELIGHT,DLEM-209L2ATRT,400B01-EE-EML-ST2-0008,,,22032201,,Emergency Light,,,,,,,,,Emergency Light ST2 No.8,,ST2 (บันไดฝั่งศูนย์ราชการ Zone B) FL6 ลง 5,In Use,,,14-06-24,,0,0,0,0,0,1,0,0,0,,,,,undefine,,1,โรงพยาบาลจุฬาภรณ์400เตียง,400B01-ST2,โรงพยาบาล 400B - บันไดหนีไฟ2,,,,,,,,,,CRA,,,,arthonye,23-06-24,,0,-
2385,DELIGHT,DLEM-209L2ATRT,400B01-EE-EML-ST2-0009,,,22032201,,Emergency Light,,,,,,,,,Emergency Light ST2 No.9,,ST2 (บันไดฝั่งศูนย์ราชการ Zone B) FL5 ลง 4,In Use,,,14-06-24,,0,0,0,0,0,1,0,0,0,,,,,undefine,,1,โรงพยาบาลจุฬาภรณ์400เตียง,400B01-ST2,โรงพยาบาล 400B - บันไดหนีไฟ2,,,,,,,,,,CRA,,,,arthonye,23-06-24,,0,-
2386,DELIGHT,DLEM-209L2ATRT,400B01-EE-EML-ST2-0010,,,24032203171,,Emergency Light,,,,,,,,,Emergency Light ST2 No.10,,ST2 (บันไดฝั่งศูนย์ราชการ Zone B) - FL4 ลง 3,In Use,,,14-06-24,,0,0,0,0,0,1,0,0,0,,,,,undefine,,1,โรงพยาบาลจุฬาภรณ์400เตียง,400B01-ST2,โรงพยาบาล 400B - บันไดหนีไฟ2,,,,,,,,,,CRA,,,,arthonye,23-06-24,,0,-
2387,DELIGHT,DLEM-209L2ATRT,400B01-EE-EML-ST2-0011,,,22032201,,Emergency Light,,,,,,,,,Emergency Light ST2 No.11,,ST2 (บันไดฝั่งศูนย์ราชการ Zone B) - FL3 ลง 2,In Use,,,14-06-24,,0,0,0,0,0,1,0,0,0,,,,,undefine,,1,โรงพยาบาลจุฬาภรณ์400เตียง,400B01-ST2,โรงพยาบาล 400B - บันไดหนีไฟ2,,,,,,,,,,CRA,,,,arthonye,23-06-24,,0,-
2388,DELIGHT,DLEM-209L2ATRT,400B01-EE-EML-ST2-0012,,,22032201,,Emergency Light,,,,,,,,,Emergency Light ST2 No.12,,ST2 (บันไดฝั่งศูนย์ราชการ Zone B) - FL2 ลง 1,In Use,,,14-06-24,,0,0,0,0,0,1,0,0,0,,,,,undefine,,1,โรงพยาบาลจุฬาภรณ์400เตียง,400B01-ST2,โรงพยาบาล 400B - บันไดหนีไฟ2,,,,,,,,,,CRA,,,,arthonye,23-06-24,,0,-
2389,DELIGHT,DLEM-209L2ATRT,400B01-EE-EML-ST2-0013,,,22032201,,Emergency Light,,,,,,,,,Emergency Light ST2 No.13,,ST2 (บันไดฝั่งศูนย์ราชการ Zone B) - FL1 ลง B1,In Use,,,14-06-24,,0,0,0,0,0,1,0,0,0,,,,,undefine,,1,โรงพยาบาลจุฬาภรณ์400เตียง,400B01-ST2,โรงพยาบาล 400B - บันไดหนีไฟ2,,,,,,,,,,CRA,,,,arthonye,23-06-24,,0,-
2390,DELIGHT,DLEM-209L2ATRT,400B01-EE-EML-ST2-0014,,,,,Emergency Light,,,,,,,,,Emergency Light ST2 No.14,,ST2 (บันไดฝั่งศูนย์ราชการ Zone B) - FLB1 ลง B2,In Use,,,14-06-24,,0,0,0,0,0,1,0,0,0,,,,,undefine,,1,โรงพยาบาลจุฬาภรณ์400เตียง,400B01-ST2,โรงพยาบาล 400B - บันไดหนีไฟ2,,,,,,,,,,CRA,,,,arthonye,23-06-24,,0,-
2391,DELIGHT,DLEM-209L2ATRT,400B01-EE-EML-ST3-0001,,,24032203084,,Emergency Light,,,,,,,,,Emergency Light ST3 No.1,,ST3 (บันไดฝั่งติดอาคาร B02 Zone B) FL12 ลง FL11,In Use,,,14-06-24,,0,0,0,0,0,1,0,0,0,,,,,undefine,,1,โรงพยาบาลจุฬาภรณ์400เตียง,400B01-ST3,โรงพยาบาล 400B - บันไดหนีไฟ3,,,,,,,,,,CRA,,,,arthonye,23-06-24,,0,-
2392,DELIGHT,DLEM-209L2ATRT,400B01-EE-EML-ST3-0002,,,18032201,,Emergency Light,,,,,,,,,Emergency Light ST3 No.2,,ST3 (บันไดฝั่งติดอาคาร B02 Zone B) FL11 ลง 10,In Use,,,14-06-24,,0,0,0,0,0,1,0,0,0,,,,,undefine,,1,โรงพยาบาลจุฬาภรณ์400เตียง,400B01-ST3,โรงพยาบาล 400B - บันไดหนีไฟ3,,,,,,,,,,CRA,,,,arthonye,23-06-24,,0,-
2393,DELIGHT,DLEM-209L2ATRT,400B01-EE-EML-ST3-0003,,,22032201,,Emergency Light,,,,,,,,,Emergency Light ST3 No.3,,ST3 (บันไดฝั่งติดอาคาร B02 Zone B) FL10 ลง 9,In Use,,,14-06-24,,0,0,0,0,0,1,0,0,0,,,,,undefine,,1,โรงพยาบาลจุฬาภรณ์400เตียง,400B01-ST3,โรงพยาบาล 400B - บันไดหนีไฟ3,,,,,,,,,,CRA,,,,arthonye,23-06-24,,0,-
2394,DELIGHT,DLEM-209L2ATRT,400B01-EE-EML-ST3-0004,,,,,Emergency Light,,,,,,,,,Emergency Light ST3 No.4,,ST3 (บันไดฝั่งติดอาคาร B02 Zone B) FL9 ลง 8,In Use,,,14-06-24,,0,0,0,0,0,1,0,0,0,,,,,undefine,,1,โรงพยาบาลจุฬาภรณ์400เตียง,400B01-ST3,โรงพยาบาล 400B - บันไดหนีไฟ3,,,,,,,,,,CRA,,,,arthonye,23-06-24,,0,-
2395,DELIGHT,DLEM-209L2ATRT,400B01-EE-EML-ST3-0005,,,,,Emergency Light,,,,,,,,,Emergency Light ST3 No.5,,ST3 (บันไดฝั่งติดอาคาร B02 Zone B) FL8 ลง 7M,In Use,,,14-06-24,,0,0,0,0,0,1,0,0,0,,,,,undefine,,1,โรงพยาบาลจุฬาภรณ์400เตียง,400B01-ST3,โรงพยาบาล 400B - บันไดหนีไฟ3,,,,,,,,,,CRA,,,,arthonye,23-06-24,,0,-
2396,DELIGHT,DLEM-209L2ATRT,400B01-EE-EML-ST3-0006,,,,,Emergency Light,,,,,,,,,Emergency Light ST3 No.6,,ST3 (บันไดฝั่งติดอาคาร B02 Zone B) FL7M ลง 7,In Use,,,14-06-24,,0,0,0,0,0,1,0,0,0,,,,,undefine,,1,โรงพยาบาลจุฬาภรณ์400เตียง,400B01-ST3,โรงพยาบาล 400B - บันไดหนีไฟ3,,,,,,,,,,CRA,,,,arthonye,23-06-24,,0,-
2397,DELIGHT,DLEM-209L2ATRT,400B01-EE-EML-ST3-0007,,,,,Emergency Light,,,,,,,,,Emergency Light ST3 No.7,,ST3 (บันไดฝั่งติดอาคาร B02 Zone B) FL7 ลง 6,In Use,,,14-06-24,,0,0,0,0,0,1,0,0,0,,,,,undefine,,1,โรงพยาบาลจุฬาภรณ์400เตียง,400B01-ST3,โรงพยาบาล 400B - บันไดหนีไฟ3,,,,,,,,,,CRA,,,,arthonye,23-06-24,,0,-
2398,DELIGHT,DLEM-209L2ATRT,400B01-EE-EML-ST3-0008,,,,,Emergency Light,,,,,,,,,Emergency Light ST3 No.8,,ST3 (บันไดฝั่งติดอาคาร B02 Zone B) FL6 ลง 5,In Use,,,14-06-24,,0,0,0,0,0,1,0,0,0,,,,,undefine,,1,โรงพยาบาลจุฬาภรณ์400เตียง,400B01-ST3,โรงพยาบาล 400B - บันไดหนีไฟ3,,,,,,,,,,CRA,,,,arthonye,23-06-24,,0,-
2399,DELIGHT,DLEM-209L2ATRT,400B01-EE-EML-ST3-0009,,,,,Emergency Light,,,,,,,,,Emergency Light ST3 No.9,,ST3 (บันไดฝั่งติดอาคาร B02 Zone B) FL5 ลง 4,In Use,,,14-06-24,,0,0,0,0,0,1,0,0,0,,,,,undefine,,1,โรงพยาบาลจุฬาภรณ์400เตียง,400B01-ST3,โรงพยาบาล 400B - บันไดหนีไฟ3,,,,,,,,,,CRA,,,,arthonye,23-06-24,,0,-
2400,DELIGHT,DLEM-209L2ATRT,400B01-EE-EML-ST3-0010,,,,,Emergency Light,,,,,,,,,Emergency Light ST3 No.10,,ST3 (บันไดฝั่งติดอาคาร B02 Zone B) - FL4 ลง 3,In Use,,,14-06-24,,0,0,0,0,0,1,0,0,0,,,,,undefine,,1,โรงพยาบาลจุฬาภรณ์400เตียง,400B01-ST3,โรงพยาบาล 400B - บันไดหนีไฟ3,,,,,,,,,,CRA,,,,arthonye,23-06-24,,0,-
2401,DELIGHT,DLEM-209L2ATRT,400B01-EE-EML-ST3-0011,,,,,Emergency Light,,,,,,,,,Emergency Light ST3 No.11,,ST3 (บันไดฝั่งติดอาคาร B02 Zone B) - FL3 ลง 2,In Use,,,14-06-24,,0,0,0,0,0,1,0,0,0,,,,,undefine,,1,โรงพยาบาลจุฬาภรณ์400เตียง,400B01-ST3,โรงพยาบาล 400B - บันไดหนีไฟ3,,,,,,,,,,CRA,,,,arthonye,23-06-24,,0,-
2402,DELIGHT,DLEM-209L2ATRT,400B01-EE-EML-ST3-0012,,,,,Emergency Light,,,,,,,,,Emergency Light ST3 No.12,,ST3 (บันไดฝั่งติดอาคาร B02 Zone B) - FL2 ลง 1,In Use,,,14-06-24,,0,0,0,0,0,1,0,0,0,,,,,undefine,,1,โรงพยาบาลจุฬาภรณ์400เตียง,400B01-ST3,โรงพยาบาล 400B - บันไดหนีไฟ3,,,,,,,,,,CRA,,,,arthonye,23-06-24,,0,-
2403,DELIGHT,DLEM-209L2ATRT,400B01-EE-EML-ST3-0013,,,,,Emergency Light,,,,,,,,,Emergency Light ST3 No.13,,ST3 (บันไดฝั่งติดอาคาร B02 Zone B) - FL1,In Use,,,14-06-24,,0,0,0,0,0,1,0,0,0,,,,,undefine,,1,โรงพยาบาลจุฬาภรณ์400เตียง,400B01-ST3,โรงพยาบาล 400B - บันไดหนีไฟ3,,,,,,,,,,CRA,,,,arthonye,23-06-24,,0,-
2404,DELIGHT,DLEM-209L2ATRT,400B01-EE-EML-ST3-0014,,,,,Emergency Light,,,,,,,,,Emergency Light ST3 No.14,,ST3 (บันไดฝั่งติดอาคาร B02 Zone B) - FL1 ลง B1,In Use,,,14-06-24,,0,0,0,0,0,1,0,0,0,,,,,undefine,,1,โรงพยาบาลจุฬาภรณ์400เตียง,400B01-ST3,โรงพยาบาล 400B - บันไดหนีไฟ3,,,,,,,,,,CRA,,,,arthonye,23-06-24,,0,-
2405,DELIGHT,DLEM-209L2ATRT,400B01-EE-EML-ST3-0015,,,,,Emergency Light,,,,,,,,,Emergency Light ST3 No.15,,ST3 (บันไดฝั่งติดอาคาร B02 Zone B) - FLB1 ลง B2,In Use,,,14-06-24,,0,0,0,0,0,1,0,0,0,,,,,undefine,,1,โรงพยาบาลจุฬาภรณ์400เตียง,400B01-ST3,โรงพยาบาล 400B - บันไดหนีไฟ3,,,,,,,,,,CRA,,,,arthonye,23-06-24,,0,-
2406,DELIGHT,DLEM-209L2ATRT,400B01-EE-EML-ST4-0001,,,23032203056,,Emergency Light,,,,,,,,,Emergency Light ST4 No.1,,ST4 (บันไดกลาง Zone A) FL12 ลง FL11,In Use,,,14-06-24,,0,0,0,0,0,1,0,0,0,,,,,undefine,,1,โรงพยาบาลจุฬาภรณ์400เตียง,400B01-ST4,โรงพยาบาล 400B - บันไดหนีไฟ4,,,,,,,,,,CRA,,,,arthonye,23-06-24,,0,-
2407,DELIGHT,DLEM-209L2ATRT,400B01-EE-EML-ST4-0002,,,23032203059,,Emergency Light,,,,,,,,,Emergency Light ST4 No.2,,ST4 (บันไดกลาง Zone A) FL11 ลง 10,In Use,,,14-06-24,,0,0,0,0,0,1,0,0,0,,,,,undefine,,1,โรงพยาบาลจุฬาภรณ์400เตียง,400B01-ST4,โรงพยาบาล 400B - บันไดหนีไฟ4,,,,,,,,,,CRA,,,,arthonye,23-06-24,,0,-
2408,DELIGHT,DLEM-209L2ATRT,400B01-EE-EML-ST4-0003,,,25032203095,,Emergency Light,,,,,,,,,Emergency Light ST4 No.3,,ST4 (บันไดกลาง Zone A) FL10 ลง 9,In Use,,,14-06-24,,0,0,0,0,0,1,0,0,0,,,,,undefine,,1,โรงพยาบาลจุฬาภรณ์400เตียง,400B01-ST4,โรงพยาบาล 400B - บันไดหนีไฟ4,,,,,,,,,,CRA,,,,arthonye,23-06-24,,0,-
2409,DELIGHT,DLEM-209L2ATRT,400B01-EE-EML-ST4-0004,,,,,Emergency Light,,,,,,,,,Emergency Light ST4 No.4,,ST4 (บันไดกลาง Zone A) FL9 ลง 8M,In Use,,,14-06-24,,0,0,0,0,0,1,0,0,0,,,,,undefine,,1,โรงพยาบาลจุฬาภรณ์400เตียง,400B01-ST4,โรงพยาบาล 400B - บันไดหนีไฟ4,,,,,,,,,,CRA,,,,arthonye,23-06-24,,0,-
2410,DELIGHT,DLEM-209L2ATRT,400B01-EE-EML-ST4-0005,,,23032203060,,Emergency Light,,,,,,,,,Emergency Light ST4 No.5,,ST4 (บันไดกลาง Zone A) FL8M ลง 8,In Use,,,14-06-24,,0,0,0,0,0,1,0,0,0,,,,,undefine,,1,โรงพยาบาลจุฬาภรณ์400เตียง,400B01-ST4,โรงพยาบาล 400B - บันไดหนีไฟ4,,,,,,,,,,CRA,,,,arthonye,23-06-24,,0,-
2411,DELIGHT,DLEM-209L2ATRT,400B01-EE-EML-ST4-0006,,,24032203041,,Emergency Light,,,,,,,,,Emergency Light ST4 No.6,,ST4 (บันไดกลาง Zone A) FL8 ลง 7,In Use,,,14-06-24,,0,0,0,0,0,1,0,0,0,,,,,undefine,,1,โรงพยาบาลจุฬาภรณ์400เตียง,400B01-ST4,โรงพยาบาล 400B - บันไดหนีไฟ4,,,,,,,,,,CRA,,,,arthonye,23-06-24,,0,-
2412,DELIGHT,DLEM-209L2ATRT,400B01-EE-EML-ST4-0007,,,,,Emergency Light,,,,,,,,,Emergency Light ST4 No.7,,ST4 (บันไดกลาง Zone A) FL7 ลง 6,In Use,,,14-06-24,,0,0,0,0,0,1,0,0,0,,,,,undefine,,1,โรงพยาบาลจุฬาภรณ์400เตียง,400B01-ST4,โรงพยาบาล 400B - บันไดหนีไฟ4,,,,,,,,,,CRA,,,,arthonye,23-06-24,,0,-
2413,DELIGHT,DLEM-209L2ATRT,400B01-EE-EML-ST4-0008,,,23032203046,,Emergency Light,,,,,,,,,Emergency Light ST4 No.8,,ST4 (บันไดกลาง Zone A) FL6,In Use,,,14-06-24,,0,0,0,0,0,1,0,0,0,,,,,undefine,,1,โรงพยาบาลจุฬาภรณ์400เตียง,400B01-ST4,โรงพยาบาล 400B - บันไดหนีไฟ4,,,,,,,,,,CRA,,,,arthonye,23-06-24,,0,-
2414,DELIGHT,DLEM-209L2ATRT,400B01-EE-EML-ST4-0009,,,22032201,,Emergency Light,,,,,,,,,Emergency Light ST4 No.9,,ST4 (บันไดกลาง Zone A) FL6 ลง 5,In Use,,,14-06-24,,0,0,0,0,0,1,0,0,0,,,,,undefine,,1,โรงพยาบาลจุฬาภรณ์400เตียง,400B01-ST4,โรงพยาบาล 400B - บันไดหนีไฟ4,,,,,,,,,,CRA,,,,arthonye,23-06-24,,0,-
2415,DELIGHT,DLEM-209L2ATRT,400B01-EE-EML-ST4-0010,,,24032203060,,Emergency Light,,,,,,,,,Emergency Light ST4 No.10,,ST4 (บันไดกลาง Zone A) FL5 ลง 4,In Use,,,14-06-24,,0,0,0,0,0,1,0,0,0,,,,,undefine,,1,โรงพยาบาลจุฬาภรณ์400เตียง,400B01-ST4,โรงพยาบาล 400B - บันไดหนีไฟ4,,,,,,,,,,CRA,,,,arthonye,23-06-24,,0,-
2416,DELIGHT,DLEM-209L2ATRT,400B01-EE-EML-ST4-0011,,,23032203042,,Emergency Light,,,,,,,,,Emergency Light ST4 No.11,,ST4 (บันไดกลาง Zone A) - FL4 ลง 3,In Use,,,14-06-24,,0,0,0,0,0,1,0,0,0,,,,,undefine,,1,โรงพยาบาลจุฬาภรณ์400เตียง,400B01-ST4,โรงพยาบาล 400B - บันไดหนีไฟ4,,,,,,,,,,CRA,,,,arthonye,23-06-24,,0,-
2417,DELIGHT,DLEM-209L2ATRT,400B01-EE-EML-ST4-0012,,,,,Emergency Light,,,,,,,,,Emergency Light ST4 No.12,,ST4 (บันไดกลาง Zone A) - FL3 ลง 2,In Use,,,14-06-24,,0,0,0,0,0,1,0,0,0,,,,,undefine,,1,โรงพยาบาลจุฬาภรณ์400เตียง,400B01-ST4,โรงพยาบาล 400B - บันไดหนีไฟ4,,,,,,,,,,CRA,,,,arthonye,23-06-24,,0,-
2418,DELIGHT,DLEM-209L2ATRT,400B01-EE-EML-ST4-0013,,,25032203097,,Emergency Light,,,,,,,,,Emergency Light ST4 No.13,,ST4 (บันไดกลาง Zone A) - FL2,In Use,,,14-06-24,,0,0,0,0,0,1,0,0,0,,,,,undefine,,1,โรงพยาบาลจุฬาภรณ์400เตียง,400B01-ST4,โรงพยาบาล 400B - บันไดหนีไฟ4,,,,,,,,,,CRA,,,,arthonye,23-06-24,,0,-
2419,DELIGHT,DLEM-209L2ATRT,400B01-EE-EML-ST4-0014,,,25032203066,,Emergency Light,,,,,,,,,Emergency Light ST4 No.14,,ST4 (บันไดกลาง Zone A) - FL2 ลง 1,In Use,,,14-06-24,,0,0,0,0,0,1,0,0,0,,,,,undefine,,1,โรงพยาบาลจุฬาภรณ์400เตียง,400B01-ST4,โรงพยาบาล 400B - บันไดหนีไฟ4,,,,,,,,,,CRA,,,,arthonye,23-06-24,,0,-
2420,DELIGHT,DLEM-209L2ATRT,400B01-EE-EML-ST4-0015,,,24032203079,,Emergency Light,,,,,,,,,Emergency Light ST4 No.15,,ST4 (บันไดกลาง Zone A) - FL1,In Use,,,14-06-24,,0,0,0,0,0,1,0,0,0,,,,,undefine,,1,โรงพยาบาลจุฬาภรณ์400เตียง,400B01-ST4,โรงพยาบาล 400B - บันไดหนีไฟ4,,,,,,,,,,CRA,,,,arthonye,23-06-24,,0,-
2421,DELIGHT,DLEM-209L2ATRT,400B01-EE-EML-ST4-0016,,,,,Emergency Light,,,,,,,,,Emergency Light ST4 No.16,,ST4 (บันไดกลาง Zone A) - FL1 ลง B1,In Use,,,14-06-24,,0,0,0,0,0,1,0,0,0,,,,,undefine,,1,โรงพยาบาลจุฬาภรณ์400เตียง,400B01-ST4,โรงพยาบาล 400B - บันไดหนีไฟ4,,,,,,,,,,CRA,,,,arthonye,23-06-24,,0,-
2422,DELIGHT,DLEM-209L2ATRT,400B01-EE-EML-ST4-0017,,,24032203081,,Emergency Light,,,,,,,,,Emergency Light ST4 No.17,,ST4 (บันไดกลาง Zone A) - FLB2,In Use,,,14-06-24,,0,0,0,0,0,1,0,0,0,,,,,undefine,,1,โรงพยาบาลจุฬาภรณ์400เตียง,400B01-ST4,โรงพยาบาล 400B - บันไดหนีไฟ4,,,,,,,,,,CRA,,,,arthonye,23-06-24,,0,-
2423,DELIGHT,DLEM-209L2ATRT,400B01-EE-EML-ST5-0001,,,,,Emergency Light,,,,,,,,,Emergency Light ST5 No.1,,ST5 (บันไดฝั่งศูนย์ราชการ Zone A) FL12,In Use,,,14-06-24,,0,0,0,0,0,1,0,0,0,,,,,undefine,,1,โรงพยาบาลจุฬาภรณ์400เตียง,400B01-ST5,โรงพยาบาล 400B - บันไดหนีไฟ5,,,,,,,,,,CRA,,,,arthonye,23-06-24,,0,-
2424,DELIGHT,DLEM-209L2ATRT,400B01-EE-EML-ST5-0002,,,18032201,,Emergency Light,,,,,,,,,Emergency Light ST5 No.2,,ST5 (บันไดฝั่งศูนย์ราชการ Zone A) FL12 ลง FL11,In Use,,,14-06-24,,0,0,0,0,0,1,0,0,0,,,,,undefine,,1,โรงพยาบาลจุฬาภรณ์400เตียง,400B01-ST5,โรงพยาบาล 400B - บันไดหนีไฟ5,,,,,,,,,,CRA,,,,arthonye,23-06-24,,0,-
2425,DELIGHT,DLEM-209L2ATRT,400B01-EE-EML-ST5-0003,,,24032203110,,Emergency Light,,,,,,,,,Emergency Light ST5 No.3,,ST5 (บันไดฝั่งศูนย์ราชการ Zone A) FL11 ลง 10,In Use,,,14-06-24,,0,0,0,0,0,1,0,0,0,,,,,undefine,,1,โรงพยาบาลจุฬาภรณ์400เตียง,400B01-ST5,โรงพยาบาล 400B - บันไดหนีไฟ5,,,,,,,,,,CRA,,,,arthonye,23-06-24,,0,-
2426,DELIGHT,DLEM-209L2ATRT,400B01-EE-EML-ST5-0004,,,22032201,,Emergency Light,,,,,,,,,Emergency Light ST5 No.4,,ST5 (บันไดฝั่งศูนย์ราชการ Zone A) FL10 ลง 9,In Use,,,14-06-24,,0,0,0,0,0,1,0,0,0,,,,,undefine,,1,โรงพยาบาลจุฬาภรณ์400เตียง,400B01-ST5,โรงพยาบาล 400B - บันไดหนีไฟ5,,,,,,,,,,CRA,,,,arthonye,23-06-24,,0,-
2427,DELIGHT,DLEM-209L2ATRT,400B01-EE-EML-ST5-0005,,,22032201,,Emergency Light,,,,,,,,,Emergency Light ST5 No.5,,ST5 (บันไดฝั่งศูนย์ราชการ Zone A) FL9 ลง 8M,In Use,,,14-06-24,,0,0,0,0,0,1,0,0,0,,,,,undefine,,1,โรงพยาบาลจุฬาภรณ์400เตียง,400B01-ST5,โรงพยาบาล 400B - บันไดหนีไฟ5,,,,,,,,,,CRA,,,,arthonye,23-06-24,,0,-
2428,DELIGHT,DLEM-209L2ATRT,400B01-EE-EML-ST5-0006,,,18032201,,Emergency Light,,,,,,,,,Emergency Light ST5 No.6,,ST5 (บันไดฝั่งศูนย์ราชการ Zone A) FL8M โถงทางเชื่อม,In Use,,,14-06-24,,0,0,0,0,0,1,0,0,0,,,,,undefine,,1,โรงพยาบาลจุฬาภรณ์400เตียง,400B01-ST5,โรงพยาบาล 400B - บันไดหนีไฟ5,,,,,,,,,,CRA,,,,arthonye,23-06-24,,0,-
2429,DELIGHT,DLEM-209L2ATRT,400B01-EE-EML-ST5-0007,,,18032201,,Emergency Light,,,,,,,,,Emergency Light ST5 No.7,,ST5 (บันไดฝั่งศูนย์ราชการ Zone A) FL8M โถงทางเชื่อม,In Use,,,14-06-24,,0,0,0,0,0,1,0,0,0,,,,,undefine,,1,โรงพยาบาลจุฬาภรณ์400เตียง,400B01-ST5,โรงพยาบาล 400B - บันไดหนีไฟ5,,,,,,,,,,CRA,,,,arthonye,23-06-24,,0,-
2430,DELIGHT,DLEM-209L2ATRT,400B01-EE-EML-ST5-0008,,,24032203193,,Emergency Light,,,,,,,,,Emergency Light ST5 No.8,,ST5 (บันไดฝั่งศูนย์ราชการ Zone A) FL8M ลง 8,In Use,,,14-06-24,,0,0,0,0,0,1,0,0,0,,,,,undefine,,1,โรงพยาบาลจุฬาภรณ์400เตียง,400B01-ST5,โรงพยาบาล 400B - บันไดหนีไฟ5,,,,,,,,,,CRA,,,,arthonye,23-06-24,,0,-
2431,DELIGHT,DLEM-209L2ATRT,400B01-EE-EML-ST5-0009,,,24032203137,,Emergency Light,,,,,,,,,Emergency Light ST5 No.9,,ST5 (บันไดฝั่งศูนย์ราชการ Zone A) FL8 ลง 8,In Use,,,14-06-24,,0,0,0,0,0,1,0,0,0,,,,,undefine,,1,โรงพยาบาลจุฬาภรณ์400เตียง,400B01-ST5,โรงพยาบาล 400B - บันไดหนีไฟ5,,,,,,,,,,CRA,,,,arthonye,23-06-24,,0,-
2432,DELIGHT,DLEM-209L2ATRT,400B01-EE-EML-ST5-0010,,,24032203137,,Emergency Light,,,,,,,,,Emergency Light ST5 No.10,,ST5 (บันไดฝั่งศูนย์ราชการ Zone A) FL8 ลง 7,In Use,,,14-06-24,,0,0,0,0,0,1,0,0,0,,,,,undefine,,1,โรงพยาบาลจุฬาภรณ์400เตียง,400B01-ST5,โรงพยาบาล 400B - บันไดหนีไฟ5,,,,,,,,,,CRA,,,,arthonye,23-06-24,,0,-
2433,DELIGHT,DLEM-209L2ATRT,400B01-EE-EML-ST5-0011,,,,,Emergency Light,,,,,,,,,Emergency Light ST5 No.11,,ST5 (บันไดฝั่งศูนย์ราชการ Zone A) FL7 ลง 6,In Use,,,14-06-24,,0,0,0,0,0,1,0,0,0,,,,,undefine,,1,โรงพยาบาลจุฬาภรณ์400เตียง,400B01-ST5,โรงพยาบาล 400B - บันไดหนีไฟ5,,,,,,,,,,CRA,,,,arthonye,23-06-24,,0,-
2434,DELIGHT,DLEM-209L2ATRT,400B01-EE-EML-ST5-0012,,,24032203101,,Emergency Light,,,,,,,,,Emergency Light ST5 No.12,,ST5 (บันไดฝั่งศูนย์ราชการ Zone A) FL6 ลง 5,In Use,,,14-06-24,,0,0,0,0,0,1,0,0,0,,,,,undefine,,1,โรงพยาบาลจุฬาภรณ์400เตียง,400B01-ST5,โรงพยาบาล 400B - บันไดหนีไฟ5,,,,,,,,,,CRA,,,,arthonye,23-06-24,,0,-
2435,DELIGHT,DLEM-209L2ATRT,400B01-EE-EML-ST5-0013,,,22032201,,Emergency Light,,,,,,,,,Emergency Light ST5 No.13,,ST5 (บันไดฝั่งศูนย์ราชการ Zone A) FL5 ลง 4,In Use,,,14-06-24,,0,0,0,0,0,1,0,0,0,,,,,undefine,,1,โรงพยาบาลจุฬาภรณ์400เตียง,400B01-ST5,โรงพยาบาล 400B - บันไดหนีไฟ5,,,,,,,,,,CRA,,,,arthonye,23-06-24,,0,-
2436,DELIGHT,DLEM-209L2ATRT,400B01-EE-EML-ST5-0014,,,22032201,,Emergency Light,,,,,,,,,Emergency Light ST5 No.14,,ST5 (บันไดฝั่งศูนย์ราชการ Zone A) - FL4 ลง 3,In Use,,,14-06-24,,0,0,0,0,0,1,0,0,0,,,,,undefine,,1,โรงพยาบาลจุฬาภรณ์400เตียง,400B01-ST5,โรงพยาบาล 400B - บันไดหนีไฟ5,,,,,,,,,,CRA,,,,arthonye,23-06-24,,0,-
2437,DELIGHT,DLEM-209L2ATRT,400B01-EE-EML-ST5-0015,,,22032201,,Emergency Light,,,,,,,,,Emergency Light ST5 No.15,,ST5 (บันไดฝั่งศูนย์ราชการ Zone A) - FL3 ลง 2,In Use,,,14-06-24,,0,0,0,0,0,1,0,0,0,,,,,undefine,,1,โรงพยาบาลจุฬาภรณ์400เตียง,400B01-ST5,โรงพยาบาล 400B - บันไดหนีไฟ5,,,,,,,,,,CRA,,,,arthonye,23-06-24,,0,-
2438,DELIGHT,DLEM-209L2ATRT,400B01-EE-EML-ST5-0016,,,22032201,,Emergency Light,,,,,,,,,Emergency Light ST5 No.16,,ST5 (บันไดฝั่งศูนย์ราชการ Zone A) - FL2 ลง 1,In Use,,,14-06-24,,0,0,0,0,0,1,0,0,0,,,,,undefine,,1,โรงพยาบาลจุฬาภรณ์400เตียง,400B01-ST5,โรงพยาบาล 400B - บันไดหนีไฟ5,,,,,,,,,,CRA,,,,arthonye,23-06-24,,0,-
2439,DELIGHT,DLEM-209L2ATRT,400B01-EE-EML-ST5-0017,,,22032201,,Emergency Light,,,,,,,,,Emergency Light ST5 No.17,,ST5 (บันไดฝั่งศูนย์ราชการ Zone A) - FL1 ลง B1,In Use,,,14-06-24,,0,0,0,0,0,1,0,0,0,,,,,undefine,,1,โรงพยาบาลจุฬาภรณ์400เตียง,400B01-ST5,โรงพยาบาล 400B - บันไดหนีไฟ5,,,,,,,,,,CRA,,,,arthonye,23-06-24,,0,-
2440,DELIGHT,DLEM-209L2ATRT,400B01-EE-EML-ST5-0018,,,24032203121,,Emergency Light,,,,,,,,,Emergency Light ST5 No.18,,ST5 (บันไดฝั่งศูนย์ราชการ Zone A) - FLB1 ลง B2,In Use,,,14-06-24,,0,0,0,0,0,1,0,0,0,,,,,undefine,,1,โรงพยาบาลจุฬาภรณ์400เตียง,400B01-ST5,โรงพยาบาล 400B - บันไดหนีไฟ5,,,,,,,,,,CRA,,,,arthonye,23-06-24,,0,-
2441,DELIGHT,DLEM-209L2ATRT,400B01-EE-EML-ST6-0001,,,,,Emergency Light,,,,,,,,,Emergency Light ST6 No.1,,ST6 (บันไดฝั่งติดอาคาร วท. Zone A) FL12,In Use,,,14-06-24,,0,0,0,0,0,1,0,0,0,,,,,undefine,,1,โรงพยาบาลจุฬาภรณ์400เตียง,400B01-ST6,โรงพยาบาล 400B - บันไดหนีไฟ6,,,,,,,,,,CRA,,,,arthonye,23-06-24,,0,-
2442,DELIGHT,DLEM-209L2ATRT,400B01-EE-EML-ST6-0002,,,,,Emergency Light,,,,,,,,,Emergency Light ST6 No.2,,ST6 (บันไดฝั่งติดอาคาร วท. Zone A) FL11 ลง 10,In Use,,,14-06-24,,0,0,0,0,0,1,0,0,0,,,,,undefine,,1,โรงพยาบาลจุฬาภรณ์400เตียง,400B01-ST6,โรงพยาบาล 400B - บันไดหนีไฟ6,,,,,,,,,,CRA,,,,arthonye,23-06-24,,0,-
2443,DELIGHT,DLEM-209L2ATRT,400B01-EE-EML-ST6-0003,,,22032201,,Emergency Light,,,,,,,,,Emergency Light ST6 No.3,,ST6 (บันไดฝั่งติดอาคาร วท. Zone A) FL10 ลง 9,In Use,,,14-06-24,,0,0,0,0,0,1,0,0,0,,,,,undefine,,1,โรงพยาบาลจุฬาภรณ์400เตียง,400B01-ST6,โรงพยาบาล 400B - บันไดหนีไฟ6,,,,,,,,,,CRA,,,,arthonye,23-06-24,,0,-
2444,DELIGHT,DLEM-209L2ATRT,400B01-EE-EML-ST6-0004,,,,,Emergency Light,,,,,,,,,Emergency Light ST6 No.4,,ST6 (บันไดฝั่งติดอาคาร วท. Zone A) FL9 ลง 8M,In Use,,,14-06-24,,0,0,0,0,0,1,0,0,0,,,,,undefine,,1,โรงพยาบาลจุฬาภรณ์400เตียง,400B01-ST6,โรงพยาบาล 400B - บันไดหนีไฟ6,,,,,,,,,,CRA,,,,arthonye,23-06-24,,0,-
2445,DELIGHT,DLEM-209L2ATRT,400B01-EE-EML-ST6-0005,,,,,Emergency Light,,,,,,,,,Emergency Light ST6 No.5,,ST6 (บันไดฝั่งติดอาคาร วท. Zone A) FL8M ลง 8,In Use,,,14-06-24,,0,0,0,0,0,1,0,0,0,,,,,undefine,,1,โรงพยาบาลจุฬาภรณ์400เตียง,400B01-ST6,โรงพยาบาล 400B - บันไดหนีไฟ6,,,,,,,,,,CRA,,,,arthonye,23-06-24,,0,-
2446,DELIGHT,DLEM-209L2ATRT,400B01-EE-EML-ST6-0006,,,25032203038,,Emergency Light,,,,,,,,,Emergency Light ST6 No.6,,ST6 (บันไดฝั่งติดอาคาร วท. Zone A) FL8 ลง 7,In Use,,,14-06-24,,0,0,0,0,0,1,0,0,0,,,,,undefine,,1,โรงพยาบาลจุฬาภรณ์400เตียง,400B01-ST6,โรงพยาบาล 400B - บันไดหนีไฟ6,,,,,,,,,,CRA,,,,arthonye,23-06-24,,0,-
2447,DELIGHT,DLEM-209L2ATRT,400B01-EE-EML-ST6-0007,,,,,Emergency Light,,,,,,,,,Emergency Light ST6 No.7,,ST6 (บันไดฝั่งติดอาคาร วท. Zone A) FL7 ลง 6,In Use,,,14-06-24,,0,0,0,0,0,1,0,0,0,,,,,undefine,,1,โรงพยาบาลจุฬาภรณ์400เตียง,400B01-ST6,โรงพยาบาล 400B - บันไดหนีไฟ6,,,,,,,,,,CRA,,,,arthonye,23-06-24,,0,-
2448,DELIGHT,DLEM-209L2ATRT,400B01-EE-EML-ST6-0008,,,,,Emergency Light,,,,,,,,,Emergency Light ST6 No.8,,ST6 (บันไดฝั่งติดอาคาร วท. Zone A) FL6 ลง 5,In Use,,,14-06-24,,0,0,0,0,0,1,0,0,0,,,,,undefine,,1,โรงพยาบาลจุฬาภรณ์400เตียง,400B01-ST6,โรงพยาบาล 400B - บันไดหนีไฟ6,,,,,,,,,,CRA,,,,arthonye,23-06-24,,0,-
2449,DELIGHT,DLEM-209L2ATRT,400B01-EE-EML-ST6-0009,,,,,Emergency Light,,,,,,,,,Emergency Light ST6 No.9,,ST6 (บันไดฝั่งติดอาคาร วท. Zone A) FL5 ลง 4,In Use,,,14-06-24,,0,0,0,0,0,1,0,0,0,,,,,undefine,,1,โรงพยาบาลจุฬาภรณ์400เตียง,400B01-ST6,โรงพยาบาล 400B - บันไดหนีไฟ6,,,,,,,,,,CRA,,,,arthonye,23-06-24,,0,-
2450,DELIGHT,DLEM-209L2ATRT,400B01-EE-EML-ST6-0010,,,24032203015,,Emergency Light,,,,,,,,,Emergency Light ST6 No.10,,ST6 (บันไดฝั่งติดอาคาร วท. Zone A) - FL4 ลง 3,In Use,,,14-06-24,,0,0,0,0,0,1,0,0,0,,,,,undefine,,1,โรงพยาบาลจุฬาภรณ์400เตียง,400B01-ST6,โรงพยาบาล 400B - บันไดหนีไฟ6,,,,,,,,,,CRA,,,,arthonye,23-06-24,,0,-
2451,DELIGHT,DLEM-209L2ATRT,400B01-EE-EML-ST6-0011,,,22032201,,Emergency Light,,,,,,,,,Emergency Light ST6 No.11,,ST6 (บันไดฝั่งติดอาคาร วท. Zone A) - FL3 ลง 2,In Use,,,14-06-24,,0,0,0,0,0,1,0,0,0,,,,,undefine,,1,โรงพยาบาลจุฬาภรณ์400เตียง,400B01-ST6,โรงพยาบาล 400B - บันไดหนีไฟ6,,,,,,,,,,CRA,,,,arthonye,23-06-24,,0,-
2452,DELIGHT,DLEM-209L2ATRT,400B01-EE-EML-ST6-0012,,,,,Emergency Light,,,,,,,,,Emergency Light ST6 No.12,,ST6 (บันไดฝั่งติดอาคาร วท. Zone A) - FL2 ลง 1,In Use,,,14-06-24,,0,0,0,0,0,1,0,0,0,,,,,undefine,,1,โรงพยาบาลจุฬาภรณ์400เตียง,400B01-ST6,โรงพยาบาล 400B - บันไดหนีไฟ6,,,,,,,,,,CRA,,,,arthonye,23-06-24,,0,-
2453,DELIGHT,DLEM-209L2ATRT,400B01-EE-EML-ST6-0013,,,,,Emergency Light,,,,,,,,,Emergency Light ST6 No.13,,ST6 (บันไดฝั่งติดอาคาร วท. Zone A) - FL1 ลง B1,In Use,,,14-06-24,,0,0,0,0,0,1,0,0,0,,,,,undefine,,1,โรงพยาบาลจุฬาภรณ์400เตียง,400B01-ST6,โรงพยาบาล 400B - บันไดหนีไฟ6,,,,,,,,,,CRA,,,,arthonye,23-06-24,,0,-
2454,DELIGHT,DLEM-209L2ATRT,400B01-EE-EML-ST6-0014,,,,,Emergency Light,,,,,,,,,Emergency Light ST6 No.14,,ST6 (บันไดฝั่งติดอาคาร วท. Zone A) - FLB1 ลง B2,In Use,,,14-06-24,,0,0,0,0,0,1,0,0,0,,,,,undefine,,1,โรงพยาบาลจุฬาภรณ์400เตียง,400B01-ST6,โรงพยาบาล 400B - บันไดหนีไฟ6,,,,,,,,,,CRA,,,,arthonye,23-06-24,,0,-
2622,DELIGHT,DLEM-209L2ATRT,400B01-EE-EML-B2.FL-0001,,,22032201,,Emergency Light,,,,,,,,,Emergency Light FLB2 No.1,,ลานจอดรถ เสา M5  - ชั้น B2,In Use,,,23-06-24,,0,0,0,0,0,1,0,0,0,,,,,undefine,,1,โรงพยาบาลจุฬาภรณ์400เตียง,400B01-FB2,โรงพยาบาล 400B - ชั้น B2,,,,,,,,,,CRA,,,,Nattapon,23-06-24,,0,-
2623,DELIGHT,DLEM-209L2ATRT,400B01-EE-EML-B2.FL-0002,,,21032201,,Emergency Light,,,,,,,,,Emergency Light FLB2 No.2,,ลานจอดรถ เสา M3 - ชั้น B2,In Use,,,23-06-24,,0,0,0,0,0,1,0,0,0,,,,,undefine,,1,โรงพยาบาลจุฬาภรณ์400เตียง,400B01-FB2,โรงพยาบาล 400B - ชั้น B2,,,,,,,,,,CRA,,,,Nattapon,23-06-24,,0,-
2624,DELIGHT,DLEM-209L2ATRT,400B01-EE-EML-B2.FL-0003,,,22032201,,Emergency Light,,,,,,,,,Emergency Light FLB2 No.3,,ลานจอดรถ  - ชั้น B2,In Use,,,23-06-24,,0,0,0,0,0,1,0,0,0,,,,,undefine,,1,โรงพยาบาลจุฬาภรณ์400เตียง,400B01-FB2,โรงพยาบาล 400B - ชั้น B2,,,,,,,,,,CRA,,,,Nattapon,23-06-24,,0,-
2625,DELIGHT,DLEM-209L2ATRT,400B01-EE-EML-B2.FL-0004,,,22032201,,Emergency Light,,,,,,,,,Emergency Light FLB2 No.4,,ลานจอดรถ เสา P4 - ชั้น B2,In Use,,,23-06-24,,0,0,0,0,0,1,0,0,0,,,,,undefine,,1,โรงพยาบาลจุฬาภรณ์400เตียง,400B01-FB2,โรงพยาบาล 400B - ชั้น B2,,,,,,,,,,CRA,,,,Nattapon,23-06-24,,0,-
2626,DELIGHT,DLEM-209L2ATRT,400B01-EE-EML-B2.FL-0005,,,22032201,,Emergency Light,,,,,,,,,Emergency Light FLB2 No.5,,ลานจอดรถ เสา P2 - ชั้น B2,In Use,,,23-06-24,,0,0,0,0,0,1,0,0,0,,,,,undefine,,1,โรงพยาบาลจุฬาภรณ์400เตียง,400B01-FB2,โรงพยาบาล 400B - ชั้น B2,,,,,,,,,,CRA,,,,Nattapon,23-06-24,,0,-
2627,DELIGHT,DLEM-209L2ATRT,400B01-EE-EML-B2.FL-0006,,,24032203172,,Emergency Light,,,,,,,,,Emergency Light FLB2 No.6,,ลานจอดรถ - ชั้น B2,In Use,,,23-06-24,,0,0,0,0,0,1,0,0,0,,,,,undefine,,1,โรงพยาบาลจุฬาภรณ์400เตียง,400B01-FB2,โรงพยาบาล 400B - ชั้น B2,,,,,,,,,,CRA,,,,Nattapon,23-06-24,,0,-
2628,DELIGHT,DLEM-209L2ATRT,400B01-EE-EML-B2.FL-0007,,,22032201,,Emergency Light,,,,,,,,,Emergency Light FLB2 No.7,,ลานจอดรถ เสา R2 - ชั้น B2,In Use,,,23-06-24,,0,0,0,0,0,1,0,0,0,,,,,undefine,,1,โรงพยาบาลจุฬาภรณ์400เตียง,400B01-FB2,โรงพยาบาล 400B - ชั้น B2,,,,,,,,,,CRA,,,,Nattapon,23-06-24,,0,-
2629,DELIGHT,DLEM-209L2ATRT,400B01-EE-EML-B2.FL-0008,,,22032201,,Emergency Light,,,,,,,,,Emergency Light FLB2 No.8,,ลานจอดรถ เสา R4 - ชั้น B2,In Use,,,23-06-24,,0,0,0,0,0,1,0,0,0,,,,,undefine,,1,โรงพยาบาลจุฬาภรณ์400เตียง,400B01-FB2,โรงพยาบาล 400B - ชั้น B2,,,,,,,,,,CRA,,,,Nattapon,23-06-24,,0,-
2630,DELIGHT,DLEM-209L2ATRT,400B01-EE-EML-B2.FL-0009,,,22032201,,Emergency Light,,,,,,,,,Emergency Light FLB2 No.9,,ลานจอดรถ เสาใกล้ กับเสา Q6 - ชั้น B2,In Use,,,23-06-24,,0,0,0,0,0,1,0,0,0,,,,,undefine,,1,โรงพยาบาลจุฬาภรณ์400เตียง,400B01-FB2,โรงพยาบาล 400B - ชั้น B2,,,,,,,,,,CRA,,,,Nattapon,23-06-24,,0,-
2631,DELIGHT,DLEM-209L2ATRT,400B01-EE-EML-B2.FL-0010,,,22032201,,Emergency Light,,,,,,,,,Emergency Light FLB2 No.10,,ลานจอดรถ เสา M12 - ชั้น B2,In Use,,,23-06-24,,0,0,0,0,0,1,0,0,0,,,,,undefine,,1,โรงพยาบาลจุฬาภรณ์400เตียง,400B01-FB2,โรงพยาบาล 400B - ชั้น B2,,,,,,,,,,CRA,,,,Nattapon,23-06-24,,0,-
2632,DELIGHT,DLEM-209L2ATRT,400B01-EE-EML-B2.FL-0011,,,22032201,,Emergency Light,,,,,,,,,Emergency Light FLB2 No.11,,ลานจอดรถ เสา H5 - ชั้น B2,In Use,,,23-06-24,,0,0,0,0,0,1,0,0,0,,,,,undefine,,1,โรงพยาบาลจุฬาภรณ์400เตียง,400B01-FB2,โรงพยาบาล 400B - ชั้น B2,,,,,,,,,,CRA,,,,Nattapon,23-06-24,,0,-
2633,DELIGHT,DLEM-209L2ATRT,400B01-EE-EML-B2.FL-0012,,,21032201,,Emergency Light,,,,,,,,,Emergency Light FLB2 No.12,,ลานจอดรถ เสา M10 - ชั้น B2,In Use,,,23-06-24,,0,0,0,0,0,1,0,0,0,,,,,undefine,,1,โรงพยาบาลจุฬาภรณ์400เตียง,400B01-FB2,โรงพยาบาล 400B - ชั้น B2,,,,,,,,,,CRA,,,,Nattapon,23-06-24,,0,-
2634,DELIGHT,DLEM-209L2ATRT,400B01-EE-EML-B2.FL-0013,,,21032201,,Emergency Light,,,,,,,,,Emergency Light FLB2 No.13,,ลานจอดรถ เสา M14 - ชั้น B2,In Use,,,23-06-24,,0,0,0,0,0,1,0,0,0,,,,,undefine,,1,โรงพยาบาลจุฬาภรณ์400เตียง,400B01-FB2,โรงพยาบาล 400B - ชั้น B2,,,,,,,,,,CRA,,,,Nattapon,23-06-24,,0,-
2635,DELIGHT,DLEM-209L2ATRT,400B01-EE-EML-B2.FL-0014,,,18032201,,Emergency Light,,,,,,,,,Emergency Light FLB2 No.14,,ลานจอดรถ - ชั้น B2,In Use,,,23-06-24,,0,0,0,0,0,1,0,0,0,,,,,undefine,,1,โรงพยาบาลจุฬาภรณ์400เตียง,400B01-FB2,โรงพยาบาล 400B - ชั้น B2,,,,,,,,,,CRA,,,,Nattapon,23-06-24,,0,-
2636,DELIGHT,DLEM-209L2ATRT,400B01-EE-EML-B2.FL-0015,,,22032201,,Emergency Light,,,,,,,,,Emergency Light FLB2 No.15,,ลานจอดรถ เสา E6 - ชั้น B2,In Use,,,23-06-24,,0,0,0,0,0,1,0,0,0,,,,,undefine,,1,โรงพยาบาลจุฬาภรณ์400เตียง,400B01-FB2,โรงพยาบาล 400B - ชั้น B2,,,,,,,,,,CRA,,,,Nattapon,23-06-24,,0,-
2637,DELIGHT,DLEM-209L2ATRT,400B01-EE-EML-B2.FL-0016,,,24032203086,,Emergency Light,,,,,,,,,Emergency Light FLB2 No.16,,ลานจอดรถ - ชั้น B2,In Use,,,23-06-24,,0,0,0,0,0,1,0,0,0,,,,,undefine,,1,โรงพยาบาลจุฬาภรณ์400เตียง,400B01-FB2,โรงพยาบาล 400B - ชั้น B2,,,,,,,,,,CRA,,,,Nattapon,23-06-24,,0,-
2638,DELIGHT,DLEM-209L2ATRT,400B01-EE-EML-B2.FL-0017,,,22032201,,Emergency Light,,,,,,,,,Emergency Light FLB2 No.17,,ลานจอดรถ - ชั้น B2,In Use,,,23-06-24,,0,0,0,0,0,1,0,0,0,,,,,undefine,,1,โรงพยาบาลจุฬาภรณ์400เตียง,400B01-FB2,โรงพยาบาล 400B - ชั้น B2,,,,,,,,,,CRA,,,,Nattapon,23-06-24,,0,-
2639,DELIGHT,DLEM-209L2ATRT,400B01-EE-EML-B2.FL-0018,,,24032203183,,Emergency Light,,,,,,,,,Emergency Light FLB2 No.18,,ลานจอดรถ - ชั้น B2,In Use,,,23-06-24,,0,0,0,0,0,1,0,0,0,,,,,undefine,,1,โรงพยาบาลจุฬาภรณ์400เตียง,400B01-FB2,โรงพยาบาล 400B - ชั้น B2,,,,,,,,,,CRA,,,,Nattapon,23-06-24,,0,-
2640,DELIGHT,DLEM-209L2ATRT,400B01-EE-EML-B2.FL-0019,,,21032201,,Emergency Light,,,,,,,,,Emergency Light FLB2 No.19,,ลานจอดรถ เสา D9 - ชั้น B2,In Use,,,23-06-24,,0,0,0,0,0,1,0,0,0,,,,,undefine,,1,โรงพยาบาลจุฬาภรณ์400เตียง,400B01-FB2,โรงพยาบาล 400B - ชั้น B2,,,,,,,,,,CRA,,,,Nattapon,23-06-24,,0,-
2641,DELIGHT,DLEM-209L2ATRT,400B01-EE-EML-B2.FL-0020,,,24032203128,,Emergency Light,,,,,,,,,Emergency Light FLB2 No.20,,ลานจอดรถ เสา H8 - ชั้น B2,In Use,,,23-06-24,,0,0,0,0,0,1,0,0,0,,,,,undefine,,1,โรงพยาบาลจุฬาภรณ์400เตียง,400B01-FB2,โรงพยาบาล 400B - ชั้น B2,,,,,,,,,,CRA,,,,Nattapon,23-06-24,,0,-
2642,DELIGHT,DLEM-209L2ATRT,400B01-EE-EML-B2.FL-0021,,,24032203128,,Emergency Light,,,,,,,,,Emergency Light FLB2 No.21,,ลานจอดรถ เสา B9 - ชั้น B2,In Use,,,23-06-24,,0,0,0,0,0,1,0,0,0,,,,,undefine,,1,โรงพยาบาลจุฬาภรณ์400เตียง,400B01-FB2,โรงพยาบาล 400B - ชั้น B2,,,,,,,,,,CRA,,,,Nattapon,23-06-24,,0,-
2643,DELIGHT,DLEM-209L2ATRT,400B01-EE-EML-B2.FL-0022,,,18032201,,Emergency Light,,,,,,,,,Emergency Light FLB2 No.22,,ลานจอดรถ เสา H5 - ชั้น B2,In Use,,,23-06-24,,0,0,0,0,0,1,0,0,0,,,,,undefine,,1,โรงพยาบาลจุฬาภรณ์400เตียง,400B01-FB2,โรงพยาบาล 400B - ชั้น B2,,,,,,,,,,CRA,,,,Nattapon,23-06-24,,0,-
2644,DELIGHT,DLEM-209L2ATRT,400B01-EE-EML-B2.FL-0023,,,18032201,,Emergency Light,,,,,,,,,Emergency Light FLB2 No.23,,ลานจอดรถ เสา F8 - ชั้น B2,In Use,,,23-06-24,,0,0,0,0,0,1,0,0,0,,,,,undefine,,1,โรงพยาบาลจุฬาภรณ์400เตียง,400B01-FB2,โรงพยาบาล 400B - ชั้น B2,,,,,,,,,,CRA,,,,Nattapon,23-06-24,,0,-
2645,DELIGHT,DLEM-209L2ATRT,400B01-EE-EML-B2.FL-0024,,,18032201,,Emergency Light,,,,,,,,,Emergency Light FLB2 No.24,,ลานจอดรถ เสา F11 - ชั้น B2,In Use,,,23-06-24,,0,0,0,0,0,1,0,0,0,,,,,undefine,,1,โรงพยาบาลจุฬาภรณ์400เตียง,400B01-FB2,โรงพยาบาล 400B - ชั้น B2,,,,,,,,,,CRA,,,,Nattapon,23-06-24,,0,-
2646,DELIGHT,DLEM-209L2ATRT,400B01-EE-EML-B2.FL-0025,,,22032201,,Emergency Light,,,,,,,,,Emergency Light FLB2 No.25,,ลานจอดรถ เสา C6 - ชั้น B2,In Use,,,23-06-24,,0,0,0,0,0,1,0,0,0,,,,,undefine,,1,โรงพยาบาลจุฬาภรณ์400เตียง,400B01-FB2,โรงพยาบาล 400B - ชั้น B2,,,,,,,,,,CRA,,,,Nattapon,23-06-24,,0,-
2647,DELIGHT,DLEM-209L2ATRT,400B01-EE-EML-B2.FL-0026,,,21032201,,Emergency Light,,,,,,,,,Emergency Light FLB2 No.26,,ลานจอดรถ - ชั้น B2,In Use,,,23-06-24,,0,0,0,0,0,1,0,0,0,,,,,undefine,,1,โรงพยาบาลจุฬาภรณ์400เตียง,400B01-FB2,โรงพยาบาล 400B - ชั้น B2,,,,,,,,,,CRA,,,,Nattapon,23-06-24,,0,-
2648,DELIGHT,DLEM-209L2ATRT,400B01-EE-EML-B2.FL-0027,,,22032201,,Emergency Light,,,,,,,,,Emergency Light FLB2 No.27,,ลานจอดรถ เสา A5 - ชั้น B2,In Use,,,23-06-24,,0,0,0,0,0,1,0,0,0,,,,,undefine,,1,โรงพยาบาลจุฬาภรณ์400เตียง,400B01-FB2,โรงพยาบาล 400B - ชั้น B2,,,,,,,,,,CRA,,,,Nattapon,23-06-24,,0,-
2649,DELIGHT,DLEM-209L2ATRT,400B01-EE-EML-B2.FL-0028,,,22032201,,Emergency Light,,,,,,,,,Emergency Light FLB2 No.28,,ลานจอดรถ เสา A11 - ชั้น B2,In Use,,,23-06-24,,0,0,0,0,0,1,0,0,0,,,,,undefine,,1,โรงพยาบาลจุฬาภรณ์400เตียง,400B01-FB2,โรงพยาบาล 400B - ชั้น B2,,,,,,,,,,CRA,,,,Nattapon,23-06-24,,0,-
2650,DELIGHT,DLEM-209L2ATRT,400B01-EE-EML-B2.FL-0029,,,21032201,,Emergency Light,,,,,,,,,Emergency Light FLB2 No.29,,ลานจอดรถ เสา A7 - ชั้น B2,In Use,,,23-06-24,,0,0,0,0,0,1,0,0,0,,,,,undefine,,1,โรงพยาบาลจุฬาภรณ์400เตียง,400B01-FB2,โรงพยาบาล 400B - ชั้น B2,,,,,,,,,,CRA,,,,Nattapon,23-06-24,,0,-
2651,DELIGHT,DLEM-209L2ATRT,400B01-EE-EML-B2.FL-0030,,,7092103068,,Emergency Light,,,,,,,,,Emergency Light FLB2 No.30,,ลานจอดรถ ห้องไฟฟ้า - ชั้น B2,In Use,,,23-06-24,,0,0,0,0,0,1,0,0,0,,,,,undefine,,1,โรงพยาบาลจุฬาภรณ์400เตียง,400B01-FB2,โรงพยาบาล 400B - ชั้น B2,,,,,,,,,,CRA,,,,Nattapon,23-06-24,,0,-
2652,DELIGHT,DLEM-209L2ATRT,400B01-EE-EML-B2.FL-0031,,,21032201,,Emergency Light,,,,,,,,,Emergency Light FLB2 No.31,,ลานจอดรถ - ชั้น B2,In Use,,,23-06-24,,0,0,0,0,0,1,0,0,0,,,,,undefine,,1,โรงพยาบาลจุฬาภรณ์400เตียง,400B01-FB2,โรงพยาบาล 400B - ชั้น B2,,,,,,,,,,CRA,,,,Nattapon,23-06-24,,0,-
2653,DELIGHT,DLEM-209L2ATRT,400B01-EE-EML-B2.FL-0032,,,24032203118,,Emergency Light,,,,,,,,,Emergency Light FLB2 No.32,,ห้อง M&E ZONE B - ชั้น B2,In Use,,,23-06-24,,0,0,0,0,0,1,0,0,0,,,,,undefine,,1,โรงพยาบาลจุฬาภรณ์400เตียง,400B01-FB2,โรงพยาบาล 400B - ชั้น B2,,,,,,,,,,CRA,,,,Nattapon,23-06-24,,0,-
2654,DELIGHT,DLEM-209L2ATRT,400B01-EE-EML-B2.FL-0033,,,7092103078,,Emergency Light,,,,,,,,,Emergency Light FLB2 No.33,,ห้องสื่อสาร ZONE B - ชั้น B2,In Use,,,23-06-24,,0,0,0,0,0,1,0,0,0,,,,,undefine,,1,โรงพยาบาลจุฬาภรณ์400เตียง,400B01-FB2,โรงพยาบาล 400B - ชั้น B2,,,,,,,,,,CRA,,,,Nattapon,23-06-24,,0,-
2655,DELIGHT,DLEM-209L2ATRT,400B01-EE-EML-B2.FL-0034,,,21032201,,Emergency Light,,,,,,,,,Emergency Light FLB2 No.34,,ห้องเก็บพัสดุ ผู้รับเหมา   ZONE B - ชั้น B2,In Use,,,23-06-24,,0,0,0,0,0,1,0,0,0,,,,,undefine,,1,โรงพยาบาลจุฬาภรณ์400เตียง,400B01-FB2,โรงพยาบาล 400B - ชั้น B2,,,,,,,,,,CRA,,,,Nattapon,23-06-24,,0,-
2656,DELIGHT,DLEM-209L2ATRT,400B01-EE-EML-B2.FL-0035,,,7092103068,,Emergency Light,,,,,,,,,Emergency Light FLB2 No.35,,ห้องไฟฟ้า   ZONE B - ชั้น B2,In Use,,,23-06-24,,0,0,0,0,0,1,0,0,0,,,,,undefine,,1,โรงพยาบาลจุฬาภรณ์400เตียง,400B01-FB2,โรงพยาบาล 400B - ชั้น B2,,,,,,,,,,CRA,,,,Nattapon,23-06-24,,0,-
2657,DELIGHT,DLEM-209L2ATRT,400B01-EE-EML-B2.FL-0036,,,23032203075,,Emergency Light,,,,,,,,,Emergency Light FLB2 No.36,,ห้องถังเก็บน้ำ ตัวที่ 2   ZONE B - ชั้น B2,In Use,,,23-06-24,,0,0,0,0,0,1,0,0,0,,,,,undefine,,1,โรงพยาบาลจุฬาภรณ์400เตียง,400B01-FB2,โรงพยาบาล 400B - ชั้น B2,,,,,,,,,,CRA,,,,Nattapon,23-06-24,,0,-
2658,DELIGHT,DLEM-209L2ATRT,400B01-EE-EML-B2.FL-0037,,,24032203189,,Emergency Light,,,,,,,,,Emergency Light FLB2 No.37,,ห้องถังเก็บน้ำ ตัวที่ 1   ZONE B - ชั้น B2,In Use,,,23-06-24,,0,0,0,0,0,1,0,0,0,,,,,undefine,,1,โรงพยาบาลจุฬาภรณ์400เตียง,400B01-FB2,โรงพยาบาล 400B - ชั้น B2,,,,,,,,,,CRA,,,,Nattapon,23-06-24,,0,-
2659,DELIGHT,DLEM-209L2ATRT,400B01-EE-EML-B2.FL-0038,,,22092201,,Emergency Light,,,,,,,,,Emergency Light FLB2 No.38,,ห้องพัดลม เสา R14 ZONE B - ชั้น B2,In Use,,,23-06-24,,0,0,0,0,0,1,0,0,0,,,,,undefine,,1,โรงพยาบาลจุฬาภรณ์400เตียง,400B01-FB2,โรงพยาบาล 400B - ชั้น B2,,,,,,,,,,CRA,,,,Nattapon,23-06-24,,0,-
2660,DELIGHT,DLEM-209L2ATRT,400B01-EE-EML-B2.FL-0039,,,22032201,,Emergency Light,,,,,,,,,Emergency Light FLB2 No.39,,เสา Q7 ตัวที่ 2 ZONE B - ชั้น B2,In Use,,,23-06-24,,0,0,0,0,0,1,0,0,0,,,,,undefine,,1,โรงพยาบาลจุฬาภรณ์400เตียง,400B01-FB2,โรงพยาบาล 400B - ชั้น B2,,,,,,,,,,CRA,,,,Nattapon,23-06-24,,0,-
2661,DELIGHT,DLEM-209L2ATRT,400B01-EE-EML-B2.FL-0040,,,22032201,,Emergency Light,,,,,,,,,Emergency Light FLB2 No.40,,เสา Q7 ตัวที่ 1 ZONE B - ชั้น B2,In Use,,,23-06-24,,0,0,0,0,0,1,0,0,0,,,,,undefine,,1,โรงพยาบาลจุฬาภรณ์400เตียง,400B01-FB2,โรงพยาบาล 400B - ชั้น B2,,,,,,,,,,CRA,,,,Nattapon,23-06-24,,0,-
2662,DELIGHT,DLEM-209L2ATRT,400B01-EE-EML-B2.FL-0041,,,22032201,,Emergency Light,,,,,,,,,Emergency Light FLB2 No.41,,เสา R6  ZONE B - ชั้น B2,In Use,,,23-06-24,,0,0,0,0,0,1,0,0,0,,,,,undefine,,1,โรงพยาบาลจุฬาภรณ์400เตียง,400B01-FB2,โรงพยาบาล 400B - ชั้น B2,,,,,,,,,,CRA,,,,Nattapon,23-06-24,,0,-
2663,DELIGHT,DLEM-209L2ATRT,400B01-EE-EML-B2.FL-0042,,,21032201,,Emergency Light,,,,,,,,,Emergency Light FLB2 No.42,,เสา P10 ZONE B - ชั้น B2,In Use,,,23-06-24,,0,0,0,0,0,1,0,0,0,,,,,undefine,,1,โรงพยาบาลจุฬาภรณ์400เตียง,400B01-FB2,โรงพยาบาล 400B - ชั้น B2,,,,,,,,,,CRA,,,,Nattapon,23-06-24,,0,-
2664,DELIGHT,DLEM-209L2ATRT,400B01-EE-EML-B2.FL-0043,,,21032201,,Emergency Light,,,,,,,,,Emergency Light FLB2 No.43,,เสา R22 ZONE B - ชั้น B2,In Use,,,23-06-24,,0,0,0,0,0,1,0,0,0,,,,,undefine,,1,โรงพยาบาลจุฬาภรณ์400เตียง,400B01-FB2,โรงพยาบาล 400B - ชั้น B2,,,,,,,,,,CRA,,,,Nattapon,23-06-24,,0,-
2665,DELIGHT,DLEM-209L2ATRT,400B01-EE-EML-B2.FL-0044,,,21032201,,Emergency Light,,,,,,,,,Emergency Light FLB2 No.44,,เสา R19 ZONE B - ชั้น B2,In Use,,,23-06-24,,0,0,0,0,0,1,0,0,0,,,,,undefine,,1,โรงพยาบาลจุฬาภรณ์400เตียง,400B01-FB2,โรงพยาบาล 400B - ชั้น B2,,,,,,,,,,CRA,,,,Nattapon,23-06-24,,0,-
2666,DELIGHT,DLEM-209L2ATRT,400B01-EE-EML-B2.FL-0045,,,21032201,,Emergency Light,,,,,,,,,Emergency Light FLB2 No.45,,เสา R15 ZONE B - ชั้น B2,In Use,,,23-06-24,,0,0,0,0,0,1,0,0,0,,,,,undefine,,1,โรงพยาบาลจุฬาภรณ์400เตียง,400B01-FB2,โรงพยาบาล 400B - ชั้น B2,,,,,,,,,,CRA,,,,Nattapon,23-06-24,,0,-
2667,DELIGHT,DLEM-209L2ATRT,400B01-EE-EML-B2.FL-0046,,,18032201,,Emergency Light,,,,,,,,,Emergency Light FLB2 No.46,,เสาJ12  ZONE B - ชั้น B2,In Use,,,23-06-24,,0,0,0,0,0,1,0,0,0,,,,,undefine,,1,โรงพยาบาลจุฬาภรณ์400เตียง,400B01-FB2,โรงพยาบาล 400B - ชั้น B2,,,,,,,,,,CRA,,,,Nattapon,23-06-24,,0,-
2668,DELIGHT,DLEM-209L2ATRT,400B01-EE-EML-B2.FL-0047,,,21032201,,Emergency Light,,,,,,,,,Emergency Light FLB2 No.47,,เสาD21  ZONE A - ชั้น B2,In Use,,,23-06-24,,0,0,0,0,0,1,0,0,0,,,,,undefine,,1,โรงพยาบาลจุฬาภรณ์400เตียง,400B01-FB2,โรงพยาบาล 400B - ชั้น B2,,,,,,,,,,CRA,,,,Nattapon,23-06-24,,0,-
2669,DELIGHT,DLEM-209L2ATRT,400B01-EE-EML-B2.FL-0048,,,21032201,,Emergency Light,,,,,,,,,Emergency Light FLB2 No.48,,ห้องเครื่องพัดลม เสา F19 ZONE A - ชั้น B2,In Use,,,23-06-24,,0,0,0,0,0,1,0,0,0,,,,,undefine,,1,โรงพยาบาลจุฬาภรณ์400เตียง,400B01-FB2,โรงพยาบาล 400B - ชั้น B2,,,,,,,,,,CRA,,,,Nattapon,23-06-24,,0,-
2670,DELIGHT,DLEM-209L2ATRT,400B01-EE-EML-B2.FL-0049,,,22032201,,Emergency Light,,,,,,,,,Emergency Light FLB2 No.49,,หน้าห้องเครื่องพัดลม เสา F19 ZONE A - ชั้น B2,In Use,,,23-06-24,,0,0,0,0,0,1,0,0,0,,,,,undefine,,1,โรงพยาบาลจุฬาภรณ์400เตียง,400B01-FB2,โรงพยาบาล 400B - ชั้น B2,,,,,,,,,,CRA,,,,Nattapon,23-06-24,,0,-
2671,DELIGHT,DLEM-209L2ATRT,400B01-EE-EML-B2.FL-0050,,,21032201,,Emergency Light,,,,,,,,,Emergency Light FLB2 No.50,,เสาF13  ZONE A - ชั้น B2,In Use,,,23-06-24,,0,0,0,0,0,1,0,0,0,,,,,undefine,,1,โรงพยาบาลจุฬาภรณ์400เตียง,400B01-FB2,โรงพยาบาล 400B - ชั้น B2,,,,,,,,,,CRA,,,,Nattapon,23-06-24,,0,-
2672,DELIGHT,DLEM-209L2ATRT,400B01-EE-EML-B2.FL-0051,,,7092103042,,Emergency Light,,,,,,,,,Emergency Light FLB2 No.51,,ห้องสื่อสาร ZONE A - ชั้น B2,In Use,,,23-06-24,,0,0,0,0,0,1,0,0,0,,,,,undefine,,1,โรงพยาบาลจุฬาภรณ์400เตียง,400B01-FB2,โรงพยาบาล 400B - ชั้น B2,,,,,,,,,,CRA,,,,Nattapon,23-06-24,,0,-
2673,DELIGHT,DLEM-209L2ATRT,400B01-EE-EML-B2.FL-0052,,,24032203086,,Emergency Light,,,,,,,,,Emergency Light FLB2 No.52,,ห้องไฟฟ้า   ZONE A - ชั้น B2,In Use,,,23-06-24,,0,0,0,0,0,1,0,0,0,,,,,undefine,,1,โรงพยาบาลจุฬาภรณ์400เตียง,400B01-FB2,โรงพยาบาล 400B - ชั้น B2,,,,,,,,,,CRA,,,,Nattapon,23-06-24,,0,-
2674,DELIGHT,DLEM-209L2ATRT,400B01-EE-EML-B2.FL-0053,,,22032201,,Emergency Light,,,,,,,,,Emergency Light FLB2 No.53,,เสาC6  ZONE A - ชั้น B2,In Use,,,23-06-24,,0,0,0,0,0,1,0,0,0,,,,,undefine,,1,โรงพยาบาลจุฬาภรณ์400เตียง,400B01-FB2,โรงพยาบาล 400B - ชั้น B2,,,,,,,,,,CRA,,,,Nattapon,23-06-24,,0,-
2675,DELIGHT,DLEM-209L2ATRT,400B01-EE-EML-B2.FL-0054,,,21032201,,Emergency Light,,,,,,,,,Emergency Light FLB2 No.54,,เสาD9  ZONE A - ชั้น B2,In Use,,,23-06-24,,0,0,0,0,0,1,0,0,0,,,,,undefine,,1,โรงพยาบาลจุฬาภรณ์400เตียง,400B01-FB2,โรงพยาบาล 400B - ชั้น B2,,,,,,,,,,CRA,,,,Nattapon,23-06-24,,0,-
2676,DELIGHT,DLEM-209L2ATRT,400B01-EE-EML-B2.FL-0055,,,22032201,,Emergency Light,,,,,,,,,Emergency Light FLB2 No.55,,ข้างห้องไฟฟ้า ตัวที่ 2  ZONE A - ชั้น B2,In Use,,,23-06-24,,0,0,0,0,0,1,0,0,0,,,,,undefine,,1,โรงพยาบาลจุฬาภรณ์400เตียง,400B01-FB2,โรงพยาบาล 400B - ชั้น B2,,,,,,,,,,CRA,,,,Nattapon,23-06-24,,0,-
2677,DELIGHT,DLEM-209L2ATRT,400B01-EE-EML-B2.FL-0056,,,22032201,,Emergency Light,,,,,,,,,Emergency Light FLB2 No.56,,ข้างห้องไฟฟ้า ตัวที่ 1  ZONE A - ชั้น B2,In Use,,,23-06-24,,0,0,0,0,0,1,0,0,0,,,,,undefine,,1,โรงพยาบาลจุฬาภรณ์400เตียง,400B01-FB2,โรงพยาบาล 400B - ชั้น B2,,,,,,,,,,CRA,,,,Nattapon,23-06-24,,0,-
2678,DELIGHT,DLEM-209L2ATRT,400B01-EE-EML-B2.FL-0057,,,21032201,,Emergency Light,,,,,,,,,Emergency Light FLB2 No.57,,เสาD14  ZONE A - ชั้น B2,In Use,,,23-06-24,,0,0,0,0,0,1,0,0,0,,,,,undefine,,1,โรงพยาบาลจุฬาภรณ์400เตียง,400B01-FB2,โรงพยาบาล 400B - ชั้น B2,,,,,,,,,,CRA,,,,Nattapon,23-06-24,,0,-
2679,DELIGHT,DLEM-209L2ATRT,400B01-EE-EML-B2.FL-0058,,,22032201,,Emergency Light,,,,,,,,,Emergency Light FLB2 No.58,,เสาD17  ZONE A - ชั้น B2,In Use,,,23-06-24,,0,0,0,0,0,1,0,0,0,,,,,undefine,,1,โรงพยาบาลจุฬาภรณ์400เตียง,400B01-FB2,โรงพยาบาล 400B - ชั้น B2,,,,,,,,,,CRA,,,,Nattapon,23-06-24,,0,-
2680,DELIGHT,DLEM-209L2ATRT,400B01-EE-EML-B2.FL-0059,,,21032201,,Emergency Light,,,,,,,,,Emergency Light FLB2 No.59,,เสาA21  ZONE A - ชั้น B2,In Use,,,23-06-24,,0,0,0,0,0,1,0,0,0,,,,,undefine,,1,โรงพยาบาลจุฬาภรณ์400เตียง,400B01-FB2,โรงพยาบาล 400B - ชั้น B2,,,,,,,,,,CRA,,,,Nattapon,23-06-24,,0,-
2681,DELIGHT,DLEM-209L2ATRT,400B01-EE-EML-B2.FL-0060,,,22032201,,Emergency Light,,,,,,,,,Emergency Light FLB2 No.60,,เสาA17  ZONE A - ชั้น B2,In Use,,,23-06-24,,0,0,0,0,0,1,0,0,0,,,,,undefine,,1,โรงพยาบาลจุฬาภรณ์400เตียง,400B01-FB2,โรงพยาบาล 400B - ชั้น B2,,,,,,,,,,CRA,,,,Nattapon,23-06-24,,0,-
2682,DELIGHT,DLEM-209L2ATRT,400B01-EE-EML-B2.FL-0061,,,21032201,,Emergency Light,,,,,,,,,Emergency Light FLB2 No.61,,เสาA14 ZONE A - ชั้น B2,In Use,,,23-06-24,,0,0,0,0,0,1,0,0,0,,,,,undefine,,1,โรงพยาบาลจุฬาภรณ์400เตียง,400B01-FB2,โรงพยาบาล 400B - ชั้น B2,,,,,,,,,,CRA,,,,Nattapon,23-06-24,,0,-
